#,Group,Sound,Prompt (paste into ElevenLabs),Duration,Loop,Save as
1,"Qori: movement (small, light, leaf-cloaked creature)",Qori_Step_Moss,"Single light footstep of a tiny creature on soft moss and grass, faint leaf rustle. Hand-crafted 2D fantasy platformer SFX, warm, organic, soft-edged; wood, leaf, moss, stone, sap, water; gentle storybook feel, not harsh or sci-fi; clean dry, no music or voice, short natural tail.",0.3 s,,SFX_Qori_Step_Moss_01.wav
2,"Qori: movement (small, light, leaf-cloaked creature)",Qori_Step_Stone,"Single light footstep of a tiny creature on dry limestone, small grit scuff. Hand-crafted 2D fantasy platformer SFX, warm, organic, soft-edged; wood, leaf, moss, stone, sap, water; gentle storybook feel, not harsh or sci-fi; clean dry, no music or voice, short natural tail.",0.3 s,,SFX_Qori_Step_Stone_01.wav
3,"Qori: movement (small, light, leaf-cloaked creature)",Qori_Step_Wood,"Single light footstep of a tiny creature on an old wooden plank, soft hollow tap. Hand-crafted 2D fantasy platformer SFX, warm, organic, soft-edged; wood, leaf, moss, stone, sap, water; gentle storybook feel, not harsh or sci-fi; clean dry, no music or voice, short natural tail.",0.3 s,,SFX_Qori_Step_Wood_01.wav
4,"Qori: movement (small, light, leaf-cloaked creature)",Qori_Step_Water,"Single tiny footstep in an ankle-deep puddle, small splash. Hand-crafted 2D fantasy platformer SFX, warm, organic, soft-edged; wood, leaf, moss, stone, sap, water; gentle storybook feel, not harsh or sci-fi; clean dry, no music or voice, short natural tail.",0.4 s,,SFX_Qori_Step_Water_01.wav
5,"Qori: movement (small, light, leaf-cloaked creature)",Qori_Jump,"Small creature hopping up, quick soft whoosh of a leaf cloak, tiny push-off scuff. Hand-crafted 2D fantasy platformer SFX, warm, organic, soft-edged; wood, leaf, moss, stone, sap, water; gentle storybook feel, not harsh or sci-fi; clean dry, no music or voice, short natural tail.",0.4 s,,SFX_Qori_Jump_01.wav
6,"Qori: movement (small, light, leaf-cloaked creature)",Qori_Land_Soft,"Small creature landing softly on moss, cloak settles with a rustle. Hand-crafted 2D fantasy platformer SFX, warm, organic, soft-edged; wood, leaf, moss, stone, sap, water; gentle storybook feel, not harsh or sci-fi; clean dry, no music or voice, short natural tail.",0.5 s,,SFX_Qori_Land_Soft_01.wav
7,"Qori: movement (small, light, leaf-cloaked creature)",Qori_Land_Hard,"Small creature landing hard from a long fall onto stone, thump, grit scatter, cloak flap. Hand-crafted 2D fantasy platformer SFX, warm, organic, soft-edged; wood, leaf, moss, stone, sap, water; gentle storybook feel, not harsh or sci-fi; clean dry, no music or voice, short natural tail.",0.7 s,,SFX_Qori_Land_Hard_01.wav
8,"Qori: movement (small, light, leaf-cloaked creature)",Qori_LedgeGrab,"Small hands catching a stone ledge, quick grip scrape and cloak swish. Hand-crafted 2D fantasy platformer SFX, warm, organic, soft-edged; wood, leaf, moss, stone, sap, water; gentle storybook feel, not harsh or sci-fi; clean dry, no music or voice, short natural tail.",0.4 s,,SFX_Qori_LedgeGrab_01.wav
9,"Qori: movement (small, light, leaf-cloaked creature)",Qori_Climb,"Small creature scrambling up rough rock, two quick hand scrapes. Hand-crafted 2D fantasy platformer SFX, warm, organic, soft-edged; wood, leaf, moss, stone, sap, water; gentle storybook feel, not harsh or sci-fi; clean dry, no music or voice, short natural tail.",0.6 s,,SFX_Qori_Climb_01.wav
10,"Qori: movement (small, light, leaf-cloaked creature)",Qori_Dash (Wind Leaf),"Quick airy gust whoosh with a spinning leaf flutter, bright and light. Hand-crafted 2D fantasy platformer SFX, warm, organic, soft-edged; wood, leaf, moss, stone, sap, water; gentle storybook feel, not harsh or sci-fi; clean dry, no music or voice, short natural tail.",0.5 s,,SFX_Qori_Dash_01.wav
11,"Qori: movement (small, light, leaf-cloaked creature)",Qori_Glide_Open (Glidecap),"Soft mushroom cap umbrella popping open, papery flutter. Hand-crafted 2D fantasy platformer SFX, warm, organic, soft-edged; wood, leaf, moss, stone, sap, water; gentle storybook feel, not harsh or sci-fi; clean dry, no music or voice, short natural tail.",0.5 s,,SFX_Qori_Glide_Open_01.wav
12,"Qori: movement (small, light, leaf-cloaked creature)",Qori_Glide_Loop,"Gentle steady wind across a soft fabric canopy, light flutter. Hand-crafted 2D fantasy platformer SFX, warm, organic, soft-edged; wood, leaf, moss, stone, sap, water; gentle storybook feel, not harsh or sci-fi; clean dry, no music or voice, short natural tail.",4 s,Yes,SFX_Qori_Glide_Loop_01.wav
13,"Qori: movement (small, light, leaf-cloaked creature)",Qori_Thread_Shoot,"Thin silk thread flicked out fast, light zip. Hand-crafted 2D fantasy platformer SFX, warm, organic, soft-edged; wood, leaf, moss, stone, sap, water; gentle storybook feel, not harsh or sci-fi; clean dry, no music or voice, short natural tail.",0.4 s,,SFX_Qori_Thread_Shoot_01.wav
14,"Qori: movement (small, light, leaf-cloaked creature)",Qori_Thread_Attach,"Silk thread snagging onto a root, small taut twang. Hand-crafted 2D fantasy platformer SFX, warm, organic, soft-edged; wood, leaf, moss, stone, sap, water; gentle storybook feel, not harsh or sci-fi; clean dry, no music or voice, short natural tail.",0.4 s,,SFX_Qori_Thread_Attach_01.wav
15,"Qori: movement (small, light, leaf-cloaked creature)",Qori_Thread_Swing,"Taut rope creak with an airy swing whoosh. Hand-crafted 2D fantasy platformer SFX, warm, organic, soft-edged; wood, leaf, moss, stone, sap, water; gentle storybook feel, not harsh or sci-fi; clean dry, no music or voice, short natural tail.",0.8 s,,SFX_Qori_Thread_Swing_01.wav
16,"Qori: movement (small, light, leaf-cloaked creature)",Qori_Thread_Release,"Thread let go, soft slack snap. Hand-crafted 2D fantasy platformer SFX, warm, organic, soft-edged; wood, leaf, moss, stone, sap, water; gentle storybook feel, not harsh or sci-fi; clean dry, no music or voice, short natural tail.",0.3 s,,SFX_Qori_Thread_Release_01.wav
17,"Qori: movement (small, light, leaf-cloaked creature)",Qori_Hurt,"Small creature hit, soft muffled thump with leaves scattering, no voice. Hand-crafted 2D fantasy platformer SFX, warm, organic, soft-edged; wood, leaf, moss, stone, sap, water; gentle storybook feel, not harsh or sci-fi; clean dry, no music or voice, short natural tail.",0.5 s,,SFX_Qori_Hurt_01.wav
18,"Qori: movement (small, light, leaf-cloaked creature)",Qori_Death,"Soft collapse into a scatter of leaves and a fading warm chime. Hand-crafted 2D fantasy platformer SFX, warm, organic, soft-edged; wood, leaf, moss, stone, sap, water; gentle storybook feel, not harsh or sci-fi; clean dry, no music or voice, short natural tail.",1.5 s,,SFX_Qori_Death_01.wav
19,"Qori: movement (small, light, leaf-cloaked creature)",Qori_Respawn,"Leaves gathering and a sprout unfurling, warm rising shimmer. Hand-crafted 2D fantasy platformer SFX, warm, organic, soft-edged; wood, leaf, moss, stone, sap, water; gentle storybook feel, not harsh or sci-fi; clean dry, no music or voice, short natural tail.",1.5 s,,SFX_Qori_Respawn_01.wav
20,"Qori: movement (small, light, leaf-cloaked creature)",Qori_Sit,"Small creature sitting down on a wooden bench, soft creak and cloak rustle. Hand-crafted 2D fantasy platformer SFX, warm, organic, soft-edged; wood, leaf, moss, stone, sap, water; gentle storybook feel, not harsh or sci-fi; clean dry, no music or voice, short natural tail.",0.8 s,,SFX_Qori_Sit_01.wav
21,Qori: weapons and combat,Weapon_Staff_Swing,"Light wooden staff swung fast, airy whoosh with leaf rustle. Hand-crafted 2D fantasy platformer SFX, warm, organic, soft-edged; wood, leaf, moss, stone, sap, water; gentle storybook feel, not harsh or sci-fi; clean dry, no music or voice, short natural tail.",0.4 s,,SFX_Weapon_Staff_Swing_01.wav
22,Qori: weapons and combat,Weapon_Staff_Hit,"Wooden staff striking a creature, firm hollow wooden thwack. Hand-crafted 2D fantasy platformer SFX, warm, organic, soft-edged; wood, leaf, moss, stone, sap, water; gentle storybook feel, not harsh or sci-fi; clean dry, no music or voice, short natural tail.",0.4 s,,SFX_Weapon_Staff_Hit_01.wav
23,Qori: weapons and combat,Weapon_Reedblade_Swing,"Thin reed blade slashing the air, crisp swish. Hand-crafted 2D fantasy platformer SFX, warm, organic, soft-edged; wood, leaf, moss, stone, sap, water; gentle storybook feel, not harsh or sci-fi; clean dry, no music or voice, short natural tail.",0.35 s,,SFX_Weapon_Reedblade_Swing_01.wav
24,Qori: weapons and combat,Weapon_Reedblade_Hit,"Reed blade cutting into bark and moss, crisp slice with a soft thud. Hand-crafted 2D fantasy platformer SFX, warm, organic, soft-edged; wood, leaf, moss, stone, sap, water; gentle storybook feel, not harsh or sci-fi; clean dry, no music or voice, short natural tail.",0.4 s,,SFX_Weapon_Reedblade_Hit_01.wav
25,Qori: weapons and combat,Weapon_Mace_Swing,"Heavy stone-headed mace swung, low weighty whoosh. Hand-crafted 2D fantasy platformer SFX, warm, organic, soft-edged; wood, leaf, moss, stone, sap, water; gentle storybook feel, not harsh or sci-fi; clean dry, no music or voice, short natural tail.",0.5 s,,SFX_Weapon_Mace_Swing_01.wav
26,Qori: weapons and combat,Weapon_Mace_Hit,"Heavy stone mace smashing, deep crunch and stone crack. Hand-crafted 2D fantasy platformer SFX, warm, organic, soft-edged; wood, leaf, moss, stone, sap, water; gentle storybook feel, not harsh or sci-fi; clean dry, no music or voice, short natural tail.",0.6 s,,SFX_Weapon_Mace_Hit_01.wav
27,Qori: weapons and combat,Weapon_Spear_Thrust,"Wooden spear thrust forward, sharp short whoosh. Hand-crafted 2D fantasy platformer SFX, warm, organic, soft-edged; wood, leaf, moss, stone, sap, water; gentle storybook feel, not harsh or sci-fi; clean dry, no music or voice, short natural tail.",0.35 s,,SFX_Weapon_Spear_Thrust_01.wav
28,Qori: weapons and combat,Weapon_Spear_Hit,"Spear tip piercing woven bark, tight puncture and wood creak. Hand-crafted 2D fantasy platformer SFX, warm, organic, soft-edged; wood, leaf, moss, stone, sap, water; gentle storybook feel, not harsh or sci-fi; clean dry, no music or voice, short natural tail.",0.4 s,,SFX_Weapon_Spear_Hit_01.wav
29,Qori: weapons and combat,Weapon_Sling_Shot,"Small leather sling releasing a resin pellet, whip-snap and short whizz. Hand-crafted 2D fantasy platformer SFX, warm, organic, soft-edged; wood, leaf, moss, stone, sap, water; gentle storybook feel, not harsh or sci-fi; clean dry, no music or voice, short natural tail.",0.4 s,,SFX_Weapon_Sling_Shot_01.wav
30,Qori: weapons and combat,Weapon_Sling_Impact,"Hard resin pellet hitting wood, sticky tock. Hand-crafted 2D fantasy platformer SFX, warm, organic, soft-edged; wood, leaf, moss, stone, sap, water; gentle storybook feel, not harsh or sci-fi; clean dry, no music or voice, short natural tail.",0.3 s,,SFX_Weapon_Sling_Impact_01.wav
31,Qori: weapons and combat,Combat_Pogo_Bounce,"Downward strike bouncing off a springy pod, rubbery boing with a thwack. Hand-crafted 2D fantasy platformer SFX, warm, organic, soft-edged; wood, leaf, moss, stone, sap, water; gentle storybook feel, not harsh or sci-fi; clean dry, no music or voice, short natural tail.",0.5 s,,SFX_Combat_Pogo_Bounce_01.wav
32,Qori: weapons and combat,Combat_Blocked,"Weapon glancing off a hard stone shell, dull clank and deflect ring. Hand-crafted 2D fantasy platformer SFX, warm, organic, soft-edged; wood, leaf, moss, stone, sap, water; gentle storybook feel, not harsh or sci-fi; clean dry, no music or voice, short natural tail.",0.5 s,,SFX_Combat_Blocked_01.wav
33,Qori: weapons and combat,Combat_Parry,"Bright wooden clack with a short crystalline ping. Hand-crafted 2D fantasy platformer SFX, warm, organic, soft-edged; wood, leaf, moss, stone, sap, water; gentle storybook feel, not harsh or sci-fi; clean dry, no music or voice, short natural tail.",0.5 s,,SFX_Combat_Parry_01.wav
34,Qori: weapons and combat,Combat_ChargeUp,"Energy gathering in a wooden weapon, rising leafy hum. Hand-crafted 2D fantasy platformer SFX, warm, organic, soft-edged; wood, leaf, moss, stone, sap, water; gentle storybook feel, not harsh or sci-fi; clean dry, no music or voice, short natural tail.",2 s,Yes,SFX_Combat_ChargeUp_01.wav
35,Qori: weapons and combat,Combat_ChargeRelease,"Charged strike released, big leafy whoosh and a bright burst. Hand-crafted 2D fantasy platformer SFX, warm, organic, soft-edged; wood, leaf, moss, stone, sap, water; gentle storybook feel, not harsh or sci-fi; clean dry, no music or voice, short natural tail.",0.8 s,,SFX_Combat_ChargeRelease_01.wav
36,Qori: weapons and combat,Combat_HitStop_Heavy,"Deep impact punch with a short low boom, for a heavy blow. Hand-crafted 2D fantasy platformer SFX, warm, organic, soft-edged; wood, leaf, moss, stone, sap, water; gentle storybook feel, not harsh or sci-fi; clean dry, no music or voice, short natural tail.",0.5 s,,SFX_Combat_HitStop_Heavy_01.wav
37,Qori: weapons and combat,Combat_EnemyDefeat,"Small forest creature dissolving into drifting leaves and a soft pop. Hand-crafted 2D fantasy platformer SFX, warm, organic, soft-edged; wood, leaf, moss, stone, sap, water; gentle storybook feel, not harsh or sci-fi; clean dry, no music or voice, short natural tail.",0.8 s,,SFX_Combat_EnemyDefeat_01.wav
38,Enemies,Crawler_Move,"Small bramble creature skittering over dirt, twiggy clicks. Hand-crafted 2D fantasy platformer SFX, warm, organic, soft-edged; wood, leaf, moss, stone, sap, water; gentle storybook feel, not harsh or sci-fi; clean dry, no music or voice, short natural tail.",1 s,Yes,SFX_Crawler_Move_01.wav
39,Enemies,Thornwing_Hover,"Thorny winged bug hovering, light buzzing flutter. Hand-crafted 2D fantasy platformer SFX, warm, organic, soft-edged; wood, leaf, moss, stone, sap, water; gentle storybook feel, not harsh or sci-fi; clean dry, no music or voice, short natural tail.",2 s,Yes,SFX_Thornwing_Hover_01.wav
40,Enemies,Thornwing_Rear,"Thorny bug rearing up, rising buzz and a glint ting. Hand-crafted 2D fantasy platformer SFX, warm, organic, soft-edged; wood, leaf, moss, stone, sap, water; gentle storybook feel, not harsh or sci-fi; clean dry, no music or voice, short natural tail.",0.6 s,,SFX_Thornwing_Rear_01.wav
41,Enemies,Thornwing_Dive,"Thorny bug diving fast, descending buzz whoosh. Hand-crafted 2D fantasy platformer SFX, warm, organic, soft-edged; wood, leaf, moss, stone, sap, water; gentle storybook feel, not harsh or sci-fi; clean dry, no music or voice, short natural tail.",0.7 s,,SFX_Thornwing_Dive_01.wav
42,Enemies,Spitter_Swell,"Rooted plant pod inflating, creaking swell. Hand-crafted 2D fantasy platformer SFX, warm, organic, soft-edged; wood, leaf, moss, stone, sap, water; gentle storybook feel, not harsh or sci-fi; clean dry, no music or voice, short natural tail.",0.8 s,,SFX_Spitter_Swell_01.wav
43,Enemies,Spitter_Spit,"Plant pod spitting a hard seed, wet pop and puff. Hand-crafted 2D fantasy platformer SFX, warm, organic, soft-edged; wood, leaf, moss, stone, sap, water; gentle storybook feel, not harsh or sci-fi; clean dry, no music or voice, short natural tail.",0.4 s,,SFX_Spitter_Spit_01.wav
44,Enemies,Spitter_SeedHit,"Hard seed hitting stone, sharp tock. Hand-crafted 2D fantasy platformer SFX, warm, organic, soft-edged; wood, leaf, moss, stone, sap, water; gentle storybook feel, not harsh or sci-fi; clean dry, no music or voice, short natural tail.",0.3 s,,SFX_Spitter_SeedHit_01.wav
45,Enemies,Shellback_Walk,"Slow heavy beetle with a stone shell, grinding plod. Hand-crafted 2D fantasy platformer SFX, warm, organic, soft-edged; wood, leaf, moss, stone, sap, water; gentle storybook feel, not harsh or sci-fi; clean dry, no music or voice, short natural tail.",2 s,Yes,SFX_Shellback_Walk_01.wav
46,Enemies,Shellback_ShellCrack,"Stone shell cracking open, crunch and shards scattering, faint glow shimmer. Hand-crafted 2D fantasy platformer SFX, warm, organic, soft-edged; wood, leaf, moss, stone, sap, water; gentle storybook feel, not harsh or sci-fi; clean dry, no music or voice, short natural tail.",1 s,,SFX_Shellback_ShellCrack_01.wav
47,Enemies,Grub_Burrow,"Grub tunnelling under soil, muffled dirt churn. Hand-crafted 2D fantasy platformer SFX, warm, organic, soft-edged; wood, leaf, moss, stone, sap, water; gentle storybook feel, not harsh or sci-fi; clean dry, no music or voice, short natural tail.",2 s,Yes,SFX_Grub_Burrow_01.wav
48,Enemies,Grub_Erupt,"Grub bursting out of the ground, dirt eruption and wet snap of jaws. Hand-crafted 2D fantasy platformer SFX, warm, organic, soft-edged; wood, leaf, moss, stone, sap, water; gentle storybook feel, not harsh or sci-fi; clean dry, no music or voice, short natural tail.",0.8 s,,SFX_Grub_Erupt_01.wav
49,Enemies,Newt_Ripple,"Something moving under shallow water, gentle ripples. Hand-crafted 2D fantasy platformer SFX, warm, organic, soft-edged; wood, leaf, moss, stone, sap, water; gentle storybook feel, not harsh or sci-fi; clean dry, no music or voice, short natural tail.",2 s,Yes,SFX_Newt_Ripple_01.wav
50,Enemies,Newt_Leap,"Small newt leaping out of water, splash and wet slap on landing. Hand-crafted 2D fantasy platformer SFX, warm, organic, soft-edged; wood, leaf, moss, stone, sap, water; gentle storybook feel, not harsh or sci-fi; clean dry, no music or voice, short natural tail.",1 s,,SFX_Newt_Leap_01.wav
51,Enemies,Sentinel_Step,"Heavy guard in bark armour stepping, wooden creak and thud. Hand-crafted 2D fantasy platformer SFX, warm, organic, soft-edged; wood, leaf, moss, stone, sap, water; gentle storybook feel, not harsh or sci-fi; clean dry, no music or voice, short natural tail.",0.6 s,,SFX_Sentinel_Step_01.wav
52,Enemies,Sentinel_ShieldBlock,"Weapon striking a woven bark shield, dense woody thunk. Hand-crafted 2D fantasy platformer SFX, warm, organic, soft-edged; wood, leaf, moss, stone, sap, water; gentle storybook feel, not harsh or sci-fi; clean dry, no music or voice, short natural tail.",0.5 s,,SFX_Sentinel_ShieldBlock_01.wav
53,Enemies,Sentinel_Bash,"Shield bash forward, heavy woody shove and impact. Hand-crafted 2D fantasy platformer SFX, warm, organic, soft-edged; wood, leaf, moss, stone, sap, water; gentle storybook feel, not harsh or sci-fi; clean dry, no music or voice, short natural tail.",0.7 s,,SFX_Sentinel_Bash_01.wav
54,Enemies,GustMoth_Wings,"Large soft moth hovering, slow papery wingbeats. Hand-crafted 2D fantasy platformer SFX, warm, organic, soft-edged; wood, leaf, moss, stone, sap, water; gentle storybook feel, not harsh or sci-fi; clean dry, no music or voice, short natural tail.",2 s,Yes,SFX_GustMoth_Wings_01.wav
55,Enemies,GustMoth_Blast,"Moth beating wings in one strong gust, powdery wind burst. Hand-crafted 2D fantasy platformer SFX, warm, organic, soft-edged; wood, leaf, moss, stone, sap, water; gentle storybook feel, not harsh or sci-fi; clean dry, no music or voice, short natural tail.",1 s,,SFX_GustMoth_Blast_01.wav
56,Enemies,Enemy_Telegraph,"Short bright glint ting, a warning cue before an attack. Hand-crafted 2D fantasy platformer SFX, warm, organic, soft-edged; wood, leaf, moss, stone, sap, water; gentle storybook feel, not harsh or sci-fi; clean dry, no music or voice, short natural tail.",0.3 s,,SFX_Enemy_Telegraph_01.wav
57,Guardian (Knucklebramble: a huge rooted knot of bramble and rot),Guardian_Awaken,"Huge tangle of roots and brambles tearing free of earth, deep creaking and soil spill. Hand-crafted 2D fantasy platformer SFX, warm, organic, soft-edged; wood, leaf, moss, stone, sap, water; gentle storybook feel, not harsh or sci-fi; clean dry, no music or voice, short natural tail.",3 s,,SFX_Guardian_Awaken_01.wav
58,Guardian (Knucklebramble: a huge rooted knot of bramble and rot),Guardian_ArmRaise,"Giant thorny vine arm lifting, heavy wood creak and a glint ting. Hand-crafted 2D fantasy platformer SFX, warm, organic, soft-edged; wood, leaf, moss, stone, sap, water; gentle storybook feel, not harsh or sci-fi; clean dry, no music or voice, short natural tail.",1 s,,SFX_Guardian_ArmRaise_01.wav
59,Guardian (Knucklebramble: a huge rooted knot of bramble and rot),Guardian_ArmSlam,"Giant thorny vine arm slamming the ground, deep thud, dirt and pebbles. Hand-crafted 2D fantasy platformer SFX, warm, organic, soft-edged; wood, leaf, moss, stone, sap, water; gentle storybook feel, not harsh or sci-fi; clean dry, no music or voice, short natural tail.",1.2 s,,SFX_Guardian_ArmSlam_01.wav
60,Guardian (Knucklebramble: a huge rooted knot of bramble and rot),Guardian_Hurt,"Huge bramble mass struck, splintering crack and groan of wood (not a voice). Hand-crafted 2D fantasy platformer SFX, warm, organic, soft-edged; wood, leaf, moss, stone, sap, water; gentle storybook feel, not harsh or sci-fi; clean dry, no music or voice, short natural tail.",0.8 s,,SFX_Guardian_Hurt_01.wav
61,Guardian (Knucklebramble: a huge rooted knot of bramble and rot),Guardian_Defeat,"Massive bramble knot collapsing and withering, long crackle into soft leaf rain. Hand-crafted 2D fantasy platformer SFX, warm, organic, soft-edged; wood, leaf, moss, stone, sap, water; gentle storybook feel, not harsh or sci-fi; clean dry, no music or voice, short natural tail.",4 s,,SFX_Guardian_Defeat_01.wav
62,"World: knots, quakes and the land",Knot_Idle,"Knot of warm roots softly pulsing with light, slow low hum. Hand-crafted 2D fantasy platformer SFX, warm, organic, soft-edged; wood, leaf, moss, stone, sap, water; gentle storybook feel, not harsh or sci-fi; clean dry, no music or voice, short natural tail.",4 s,Yes,SFX_Knot_Idle_01.wav
63,"World: knots, quakes and the land",Knot_Wake,"Touching a glowing root knot, light rushing inward, rising warm swell then a deep release. Hand-crafted 2D fantasy platformer SFX, warm, organic, soft-edged; wood, leaf, moss, stone, sap, water; gentle storybook feel, not harsh or sci-fi; clean dry, no music or voice, short natural tail.",3 s,,SFX_Knot_Wake_01.wav
64,"World: knots, quakes and the land",Quake_Stir,"Deep earthquake rumble, rock grinding and bending (not breaking), dust and pebbles falling, slowly settling. Hand-crafted 2D fantasy platformer SFX, warm, organic, soft-edged; wood, leaf, moss, stone, sap, water; gentle storybook feel, not harsh or sci-fi; clean dry, no music or voice, short natural tail.",6 s,,SFX_Quake_Stir_01.wav
65,"World: knots, quakes and the land",Quake_Small,"Short distant earth tremor, low rumble and pebbles rattling. Hand-crafted 2D fantasy platformer SFX, warm, organic, soft-edged; wood, leaf, moss, stone, sap, water; gentle storybook feel, not harsh or sci-fi; clean dry, no music or voice, short natural tail.",2.5 s,,SFX_Quake_Small_01.wav
66,"World: knots, quakes and the land",Swell_Loop,"Very slow deep breathing-like heave of stone and soil, creaking roots. Hand-crafted 2D fantasy platformer SFX, warm, organic, soft-edged; wood, leaf, moss, stone, sap, water; gentle storybook feel, not harsh or sci-fi; clean dry, no music or voice, short natural tail.",10 s,Yes,SFX_Swell_Loop_01.wav
67,"World: knots, quakes and the land",Spring_Pulse,"Warm spring bubbling with a slow steady pulse. Hand-crafted 2D fantasy platformer SFX, warm, organic, soft-edged; wood, leaf, moss, stone, sap, water; gentle storybook feel, not harsh or sci-fi; clean dry, no music or voice, short natural tail.",6 s,Yes,SFX_Spring_Pulse_01.wav
68,"World: knots, quakes and the land",Arch_Fall,"Great stone arch toppling across a ravine, long grinding crash and settling dust. Hand-crafted 2D fantasy platformer SFX, warm, organic, soft-edged; wood, leaf, moss, stone, sap, water; gentle storybook feel, not harsh or sci-fi; clean dry, no music or voice, short natural tail.",5 s,,SFX_Arch_Fall_01.wav
69,"World: knots, quakes and the land",Rock_Fall,"Falling rock tumbling and cracking on stone. Hand-crafted 2D fantasy platformer SFX, warm, organic, soft-edged; wood, leaf, moss, stone, sap, water; gentle storybook feel, not harsh or sci-fi; clean dry, no music or voice, short natural tail.",1.2 s,,SFX_Rock_Fall_01.wav
70,"World: knots, quakes and the land",Platform_Crumble,"Stone ledge shaking then crumbling apart. Hand-crafted 2D fantasy platformer SFX, warm, organic, soft-edged; wood, leaf, moss, stone, sap, water; gentle storybook feel, not harsh or sci-fi; clean dry, no music or voice, short natural tail.",1.5 s,,SFX_Platform_Crumble_01.wav
71,"World: knots, quakes and the land",Platform_Reform,"Stone pieces knitting back together, gentle grinding click. Hand-crafted 2D fantasy platformer SFX, warm, organic, soft-edged; wood, leaf, moss, stone, sap, water; gentle storybook feel, not harsh or sci-fi; clean dry, no music or voice, short natural tail.",1 s,,SFX_Platform_Reform_01.wav
72,"World: knots, quakes and the land",Thorns_Warn,"Thorns shivering in the ground, dry rattle. Hand-crafted 2D fantasy platformer SFX, warm, organic, soft-edged; wood, leaf, moss, stone, sap, water; gentle storybook feel, not harsh or sci-fi; clean dry, no music or voice, short natural tail.",0.5 s,,SFX_Thorns_Warn_01.wav
73,"World: knots, quakes and the land",Thorns_Rise,"Thorns stabbing up from the ground, sharp woody shhk. Hand-crafted 2D fantasy platformer SFX, warm, organic, soft-edged; wood, leaf, moss, stone, sap, water; gentle storybook feel, not harsh or sci-fi; clean dry, no music or voice, short natural tail.",0.4 s,,SFX_Thorns_Rise_01.wav
74,"World: knots, quakes and the land",Thorns_Sink,"Thorns sliding back into soil, soft scrape. Hand-crafted 2D fantasy platformer SFX, warm, organic, soft-edged; wood, leaf, moss, stone, sap, water; gentle storybook feel, not harsh or sci-fi; clean dry, no music or voice, short natural tail.",0.4 s,,SFX_Thorns_Sink_01.wav
75,"World: knots, quakes and the land",Breakable_Smash,"Brittle clay and rock wall breaking open, crunchy collapse. Hand-crafted 2D fantasy platformer SFX, warm, organic, soft-edged; wood, leaf, moss, stone, sap, water; gentle storybook feel, not harsh or sci-fi; clean dry, no music or voice, short natural tail.",1 s,,SFX_Breakable_Smash_01.wav
76,"World: knots, quakes and the land",SecretWall_Open,"Hidden cracked wall crumbling away to reveal a passage, crumble and soft mysterious chime. Hand-crafted 2D fantasy platformer SFX, warm, organic, soft-edged; wood, leaf, moss, stone, sap, water; gentle storybook feel, not harsh or sci-fi; clean dry, no music or voice, short natural tail.",1.5 s,,SFX_SecretWall_Open_01.wav
77,"World: knots, quakes and the land",Gate_Open,"Heavy root-wrapped stone gate grinding open. Hand-crafted 2D fantasy platformer SFX, warm, organic, soft-edged; wood, leaf, moss, stone, sap, water; gentle storybook feel, not harsh or sci-fi; clean dry, no music or voice, short natural tail.",2 s,,SFX_Gate_Open_01.wav
78,"World: knots, quakes and the land",Gate_Close,"Heavy stone gate grinding shut with a thud. Hand-crafted 2D fantasy platformer SFX, warm, organic, soft-edged; wood, leaf, moss, stone, sap, water; gentle storybook feel, not harsh or sci-fi; clean dry, no music or voice, short natural tail.",1.5 s,,SFX_Gate_Close_01.wav
79,"World: knots, quakes and the land",Lever_Pull,"Old wooden lever pulled, creak and clunk. Hand-crafted 2D fantasy platformer SFX, warm, organic, soft-edged; wood, leaf, moss, stone, sap, water; gentle storybook feel, not harsh or sci-fi; clean dry, no music or voice, short natural tail.",0.8 s,,SFX_Lever_Pull_01.wav
80,"World: knots, quakes and the land",Wheel_Turn,"Wooden winch wheel turning one turn, ratcheting creak. Hand-crafted 2D fantasy platformer SFX, warm, organic, soft-edged; wood, leaf, moss, stone, sap, water; gentle storybook feel, not harsh or sci-fi; clean dry, no music or voice, short natural tail.",1.5 s,,SFX_Wheel_Turn_01.wav
81,"World: knots, quakes and the land",PressurePlate_Down,"Stone plate sinking under weight, click and low grind. Hand-crafted 2D fantasy platformer SFX, warm, organic, soft-edged; wood, leaf, moss, stone, sap, water; gentle storybook feel, not harsh or sci-fi; clean dry, no music or voice, short natural tail.",0.6 s,,SFX_PressurePlate_Down_01.wav
82,"World: knots, quakes and the land",SeedSwitch_Hit,"Glowing seed switch struck, bright woody chime. Hand-crafted 2D fantasy platformer SFX, warm, organic, soft-edged; wood, leaf, moss, stone, sap, water; gentle storybook feel, not harsh or sci-fi; clean dry, no music or voice, short natural tail.",0.6 s,,SFX_SeedSwitch_Hit_01.wav
83,"World: knots, quakes and the land",GrowthFlower_Bloom,"Flower bursting into bloom and vines growing fast, leafy rush. Hand-crafted 2D fantasy platformer SFX, warm, organic, soft-edged; wood, leaf, moss, stone, sap, water; gentle storybook feel, not harsh or sci-fi; clean dry, no music or voice, short natural tail.",1.2 s,,SFX_GrowthFlower_Bloom_01.wav
84,"World: knots, quakes and the land",MovingPlatform_Loop,"Stone platform sliding slowly on roots, soft grind. Hand-crafted 2D fantasy platformer SFX, warm, organic, soft-edged; wood, leaf, moss, stone, sap, water; gentle storybook feel, not harsh or sci-fi; clean dry, no music or voice, short natural tail.",3 s,Yes,SFX_MovingPlatform_Loop_01.wav
85,"World: knots, quakes and the land",HangingChain,"Wooden chain swaying, gentle clinks. Hand-crafted 2D fantasy platformer SFX, warm, organic, soft-edged; wood, leaf, moss, stone, sap, water; gentle storybook feel, not harsh or sci-fi; clean dry, no music or voice, short natural tail.",1.5 s,,SFX_HangingChain_01.wav
86,Ambiences (all `loop`),Amb_Cradle,"Quiet warm valley at dawn, light breeze through grass, distant small birds. Hand-crafted 2D fantasy platformer SFX, warm, organic, soft-edged; wood, leaf, moss, stone, sap, water; gentle storybook feel, not harsh or sci-fi; clean dry, no music or voice, short natural tail.",20 s,,SFX_Amb_Cradle_01.wav
87,Ambiences (all `loop`),Amb_Causeway,"Old stone road on a long slope, steady breeze, a trickle of an aqueduct. Hand-crafted 2D fantasy platformer SFX, warm, organic, soft-edged; wood, leaf, moss, stone, sap, water; gentle storybook feel, not harsh or sci-fi; clean dry, no music or voice, short natural tail.",20 s,,SFX_Amb_Causeway_01.wav
88,Ambiences (all `loop`),Amb_Terraces,"Farm terraces in afternoon, crickets, wind in crops, distant creaking mill wheel. Hand-crafted 2D fantasy platformer SFX, warm, organic, soft-edged; wood, leaf, moss, stone, sap, water; gentle storybook feel, not harsh or sci-fi; clean dry, no music or voice, short natural tail.",20 s,,SFX_Amb_Terraces_01.wav
89,Ambiences (all `loop`),Amb_Qvale,"Small cosy town in a warm basin, soft wind chimes, distant murmur of activity, a warm hum underneath. Hand-crafted 2D fantasy platformer SFX, warm, organic, soft-edged; wood, leaf, moss, stone, sap, water; gentle storybook feel, not harsh or sci-fi; clean dry, no music or voice, short natural tail.",20 s,,SFX_Amb_Qvale_01.wav
90,Ambiences (all `loop`),Amb_Ribwood,"Forest between tall stone walls, wind in tall trees, creaking wood, a very low slow swell. Hand-crafted 2D fantasy platformer SFX, warm, organic, soft-edged; wood, leaf, moss, stone, sap, water; gentle storybook feel, not harsh or sci-fi; clean dry, no music or voice, short natural tail.",20 s,,SFX_Amb_Ribwood_01.wav
91,Ambiences (all `loop`),Amb_Heights,"Bare windy mountain ridge, strong gusting wind, whistling over rock. Hand-crafted 2D fantasy platformer SFX, warm, organic, soft-edged; wood, leaf, moss, stone, sap, water; gentle storybook feel, not harsh or sci-fi; clean dry, no music or voice, short natural tail.",20 s,,SFX_Amb_Heights_01.wav
92,Ambiences (all `loop`),Amb_Summit,"High mountain lake with reeds rustling, gentle lapping water, distant falls. Hand-crafted 2D fantasy platformer SFX, warm, organic, soft-edged; wood, leaf, moss, stone, sap, water; gentle storybook feel, not harsh or sci-fi; clean dry, no music or voice, short natural tail.",20 s,,SFX_Amb_Summit_01.wav
93,Ambiences (all `loop`),Amb_Descent,"Deep warm cave, slow dripping, a very low steady pulse in the stone. Hand-crafted 2D fantasy platformer SFX, warm, organic, soft-edged; wood, leaf, moss, stone, sap, water; gentle storybook feel, not harsh or sci-fi; clean dry, no music or voice, short natural tail.",20 s,,SFX_Amb_Descent_01.wav
94,Ambiences (all `loop`),Amb_Cave,"Small damp cave, water drips, faint echo, air movement. Hand-crafted 2D fantasy platformer SFX, warm, organic, soft-edged; wood, leaf, moss, stone, sap, water; gentle storybook feel, not harsh or sci-fi; clean dry, no music or voice, short natural tail.",20 s,,SFX_Amb_Cave_01.wav
95,Ambiences (all `loop`),Amb_HouseInterior,"Quiet cosy room, soft fire crackle, muffled wind outside. Hand-crafted 2D fantasy platformer SFX, warm, organic, soft-edged; wood, leaf, moss, stone, sap, water; gentle storybook feel, not harsh or sci-fi; clean dry, no music or voice, short natural tail.",15 s,,SFX_Amb_HouseInterior_01.wav
96,Ambiences (all `loop`),Water_Stream,"Small mountain stream flowing over stones. Hand-crafted 2D fantasy platformer SFX, warm, organic, soft-edged; wood, leaf, moss, stone, sap, water; gentle storybook feel, not harsh or sci-fi; clean dry, no music or voice, short natural tail.",10 s,,SFX_Water_Stream_01.wav
97,Ambiences (all `loop`),Waterfall,"Medium waterfall splashing into a pool. Hand-crafted 2D fantasy platformer SFX, warm, organic, soft-edged; wood, leaf, moss, stone, sap, water; gentle storybook feel, not harsh or sci-fi; clean dry, no music or voice, short natural tail.",10 s,,SFX_Waterfall_01.wav
98,Ambiences (all `loop`),Night_Hum,"Very faint low hum of hills on a quiet night, crickets. Hand-crafted 2D fantasy platformer SFX, warm, organic, soft-edged; wood, leaf, moss, stone, sap, water; gentle storybook feel, not harsh or sci-fi; clean dry, no music or voice, short natural tail.",15 s,,SFX_Night_Hum_01.wav
99,"Pickups, progress and shrines",Amber_Pickup,"Small piece of warm amber collected, glassy honeyed tink. Hand-crafted 2D fantasy platformer SFX, warm, organic, soft-edged; wood, leaf, moss, stone, sap, water; gentle storybook feel, not harsh or sci-fi; clean dry, no music or voice, short natural tail.",0.4 s,,SFX_Amber_Pickup_01.wav
100,"Pickups, progress and shrines",Amber_PickupBig,"Handful of amber collected, cascading glassy tinks. Hand-crafted 2D fantasy platformer SFX, warm, organic, soft-edged; wood, leaf, moss, stone, sap, water; gentle storybook feel, not harsh or sci-fi; clean dry, no music or voice, short natural tail.",0.8 s,,SFX_Amber_PickupBig_01.wav
101,"Pickups, progress and shrines",HeartSeed_Get,"Heart-shaped seed collected, warm swelling chime and a soft heartbeat-like thump. Hand-crafted 2D fantasy platformer SFX, warm, organic, soft-edged; wood, leaf, moss, stone, sap, water; gentle storybook feel, not harsh or sci-fi; clean dry, no music or voice, short natural tail.",2 s,,SFX_HeartSeed_Get_01.wav
102,"Pickups, progress and shrines",Heal,"Gentle healing, soft rising sparkle with a leaf rustle. Hand-crafted 2D fantasy platformer SFX, warm, organic, soft-edged; wood, leaf, moss, stone, sap, water; gentle storybook feel, not harsh or sci-fi; clean dry, no music or voice, short natural tail.",1 s,,SFX_Heal_01.wav
103,"Pickups, progress and shrines",Relic_Get,"Ancient relic flying into the player and bursting into leaves and light, triumphant soft swell. Hand-crafted 2D fantasy platformer SFX, warm, organic, soft-edged; wood, leaf, moss, stone, sap, water; gentle storybook feel, not harsh or sci-fi; clean dry, no music or voice, short natural tail.",3 s,,SFX_Relic_Get_01.wav
104,"Pickups, progress and shrines",SongShell_Get,"Spiral shell picked up, a short airy whistle inside the shell, gentle. Hand-crafted 2D fantasy platformer SFX, warm, organic, soft-edged; wood, leaf, moss, stone, sap, water; gentle storybook feel, not harsh or sci-fi; clean dry, no music or voice, short natural tail.",1.5 s,,SFX_SongShell_Get_01.wav
105,"Pickups, progress and shrines",Waymark_Light,"Root shrine lighting up, seed opening, warm glow bloom and soft chime. Hand-crafted 2D fantasy platformer SFX, warm, organic, soft-edged; wood, leaf, moss, stone, sap, water; gentle storybook feel, not harsh or sci-fi; clean dry, no music or voice, short natural tail.",2 s,,SFX_Waymark_Light_01.wav
106,"Pickups, progress and shrines",Waymark_Travel,"Fast-travel whoosh, leaves swirling away and settling. Hand-crafted 2D fantasy platformer SFX, warm, organic, soft-edged; wood, leaf, moss, stone, sap, water; gentle storybook feel, not harsh or sci-fi; clean dry, no music or voice, short natural tail.",2 s,,SFX_Waymark_Travel_01.wav
107,"Pickups, progress and shrines",Checkpoint_Touch,"Small root shrine touched, soft wooden chime. Hand-crafted 2D fantasy platformer SFX, warm, organic, soft-edged; wood, leaf, moss, stone, sap, water; gentle storybook feel, not harsh or sci-fi; clean dry, no music or voice, short natural tail.",0.8 s,,SFX_Checkpoint_Touch_01.wav
108,"Pickups, progress and shrines",LoreStone_Read,"Old carved stone touched, low resonant hum and dust trickle. Hand-crafted 2D fantasy platformer SFX, warm, organic, soft-edged; wood, leaf, moss, stone, sap, water; gentle storybook feel, not harsh or sci-fi; clean dry, no music or voice, short natural tail.",1.5 s,,SFX_LoreStone_Read_01.wav
109,"Pickups, progress and shrines",Discovery,"New place discovered, gentle three-note wooden chime. Hand-crafted 2D fantasy platformer SFX, warm, organic, soft-edged; wood, leaf, moss, stone, sap, water; gentle storybook feel, not harsh or sci-fi; clean dry, no music or voice, short natural tail.",1.5 s,,SFX_Discovery_01.wav
110,"Pickups, progress and shrines",Door_Enter,"Wooden door opening into a cosy home, creak and latch. Hand-crafted 2D fantasy platformer SFX, warm, organic, soft-edged; wood, leaf, moss, stone, sap, water; gentle storybook feel, not harsh or sci-fi; clean dry, no music or voice, short natural tail.",1 s,,SFX_Door_Enter_01.wav
111,"Pickups, progress and shrines",Door_Exit,"Wooden door closing behind, soft latch. Hand-crafted 2D fantasy platformer SFX, warm, organic, soft-edged; wood, leaf, moss, stone, sap, water; gentle storybook feel, not harsh or sci-fi; clean dry, no music or voice, short natural tail.",0.8 s,,SFX_Door_Exit_01.wav
112,"Pickups, progress and shrines",Cave_Enter,"Stepping into a cave, air muffles, faint echo swell. Hand-crafted 2D fantasy platformer SFX, warm, organic, soft-edged; wood, leaf, moss, stone, sap, water; gentle storybook feel, not harsh or sci-fi; clean dry, no music or voice, short natural tail.",1 s,,SFX_Cave_Enter_01.wav
113,Town and people,Smithy_Anvil,"Small forge hammer striking hot metal on an anvil, two rings. Hand-crafted 2D fantasy platformer SFX, warm, organic, soft-edged; wood, leaf, moss, stone, sap, water; gentle storybook feel, not harsh or sci-fi; clean dry, no music or voice, short natural tail.",1 s,,SFX_Smithy_Anvil_01.wav
114,Town and people,Smithy_Upgrade,"Weapon being reforged, hammering, sizzle in water, bright ring. Hand-crafted 2D fantasy platformer SFX, warm, organic, soft-edged; wood, leaf, moss, stone, sap, water; gentle storybook feel, not harsh or sci-fi; clean dry, no music or voice, short natural tail.",2.5 s,,SFX_Smithy_Upgrade_01.wav
115,Town and people,Shop_Buy,"Coins of amber dropped on a wooden counter, satisfied clink. Hand-crafted 2D fantasy platformer SFX, warm, organic, soft-edged; wood, leaf, moss, stone, sap, water; gentle storybook feel, not harsh or sci-fi; clean dry, no music or voice, short natural tail.",0.6 s,,SFX_Shop_Buy_01.wav
116,Town and people,Shop_Cannot,"Dull wooden knock, denied. Hand-crafted 2D fantasy platformer SFX, warm, organic, soft-edged; wood, leaf, moss, stone, sap, water; gentle storybook feel, not harsh or sci-fi; clean dry, no music or voice, short natural tail.",0.4 s,,SFX_Shop_Cannot_01.wav
117,Town and people,Map_Unroll,"Parchment map unrolling, papery crinkle. Hand-crafted 2D fantasy platformer SFX, warm, organic, soft-edged; wood, leaf, moss, stone, sap, water; gentle storybook feel, not harsh or sci-fi; clean dry, no music or voice, short natural tail.",0.8 s,,SFX_Map_Unroll_01.wav
118,Town and people,Map_Stamp,"Wax-like stamp pressed onto parchment, soft thud. Hand-crafted 2D fantasy platformer SFX, warm, organic, soft-edged; wood, leaf, moss, stone, sap, water; gentle storybook feel, not harsh or sci-fi; clean dry, no music or voice, short natural tail.",0.4 s,,SFX_Map_Stamp_01.wav
119,Town and people,Lantern_Light,"Lantern being lit, match strike and soft whoomp of flame. Hand-crafted 2D fantasy platformer SFX, warm, organic, soft-edged; wood, leaf, moss, stone, sap, water; gentle storybook feel, not harsh or sci-fi; clean dry, no music or voice, short natural tail.",1 s,,SFX_Lantern_Light_01.wav
120,Town and people,Bell_Tower,"Single warm wooden-and-bronze village bell ring, long decay. Hand-crafted 2D fantasy platformer SFX, warm, organic, soft-edged; wood, leaf, moss, stone, sap, water; gentle storybook feel, not harsh or sci-fi; clean dry, no music or voice, short natural tail.",4 s,,SFX_Bell_Tower_01.wav
121,Town and people,Dialogue_Blip_Small,"Tiny soft wooden click for a character's text appearing. Hand-crafted 2D fantasy platformer SFX, warm, organic, soft-edged; wood, leaf, moss, stone, sap, water; gentle storybook feel, not harsh or sci-fi; clean dry, no music or voice, short natural tail.",0.1 s,,SFX_Dialogue_Blip_Small_01.wav
122,Town and people,Dialogue_Blip_Low,"Low soft woody tock for an old character's text appearing. Hand-crafted 2D fantasy platformer SFX, warm, organic, soft-edged; wood, leaf, moss, stone, sap, water; gentle storybook feel, not harsh or sci-fi; clean dry, no music or voice, short natural tail.",0.1 s,,SFX_Dialogue_Blip_Low_01.wav
123,UI and Chart,UI_Move,"Soft wooden tick, menu cursor move. Hand-crafted 2D fantasy platformer SFX, warm, organic, soft-edged; wood, leaf, moss, stone, sap, water; gentle storybook feel, not harsh or sci-fi; clean dry, no music or voice, short natural tail.",0.1 s,,SFX_UI_Move_01.wav
124,UI and Chart,UI_Confirm,"Warm wooden click with a tiny leaf chime. Hand-crafted 2D fantasy platformer SFX, warm, organic, soft-edged; wood, leaf, moss, stone, sap, water; gentle storybook feel, not harsh or sci-fi; clean dry, no music or voice, short natural tail.",0.3 s,,SFX_UI_Confirm_01.wav
125,UI and Chart,UI_Back,"Soft muted wooden tock, going back. Hand-crafted 2D fantasy platformer SFX, warm, organic, soft-edged; wood, leaf, moss, stone, sap, water; gentle storybook feel, not harsh or sci-fi; clean dry, no music or voice, short natural tail.",0.25 s,,SFX_UI_Back_01.wav
126,UI and Chart,UI_Pause,"Soft whoosh down, world muffles. Hand-crafted 2D fantasy platformer SFX, warm, organic, soft-edged; wood, leaf, moss, stone, sap, water; gentle storybook feel, not harsh or sci-fi; clean dry, no music or voice, short natural tail.",0.5 s,,SFX_UI_Pause_01.wav
127,UI and Chart,UI_Unpause,"Soft whoosh up. Hand-crafted 2D fantasy platformer SFX, warm, organic, soft-edged; wood, leaf, moss, stone, sap, water; gentle storybook feel, not harsh or sci-fi; clean dry, no music or voice, short natural tail.",0.5 s,,SFX_UI_Unpause_01.wav
128,UI and Chart,Chart_Open,"Old map book opening, paper rustle and soft thump. Hand-crafted 2D fantasy platformer SFX, warm, organic, soft-edged; wood, leaf, moss, stone, sap, water; gentle storybook feel, not harsh or sci-fi; clean dry, no music or voice, short natural tail.",1 s,,SFX_Chart_Open_01.wav
129,UI and Chart,Chart_Close,"Old map book closing, soft thump. Hand-crafted 2D fantasy platformer SFX, warm, organic, soft-edged; wood, leaf, moss, stone, sap, water; gentle storybook feel, not harsh or sci-fi; clean dry, no music or voice, short natural tail.",0.7 s,,SFX_Chart_Close_01.wav
130,UI and Chart,Chart_PieceAdd,"Map piece placed onto a chart, papery slide and gentle chime. Hand-crafted 2D fantasy platformer SFX, warm, organic, soft-edged; wood, leaf, moss, stone, sap, water; gentle storybook feel, not harsh or sci-fi; clean dry, no music or voice, short natural tail.",1.2 s,,SFX_Chart_PieceAdd_01.wav
131,UI and Chart,Save,"Gentle confirmation, warm soft chime. Hand-crafted 2D fantasy platformer SFX, warm, organic, soft-edged; wood, leaf, moss, stone, sap, water; gentle storybook feel, not harsh or sci-fi; clean dry, no music or voice, short natural tail.",0.8 s,,SFX_Save_01.wav
132,UI and Chart,Banner_Show,"Soft magical reveal swell, a title banner appearing. Hand-crafted 2D fantasy platformer SFX, warm, organic, soft-edged; wood, leaf, moss, stone, sap, water; gentle storybook feel, not harsh or sci-fi; clean dry, no music or voice, short natural tail.",1.2 s,,SFX_Banner_Show_01.wav
133,Story moments (one-offs; generate several and choose),Story_Sprout,"Seed cracking open and a small creature sprouting from soil, delicate leafy unfurl and warm glow. Hand-crafted 2D fantasy platformer SFX, warm, organic, soft-edged; wood, leaf, moss, stone, sap, water; gentle storybook feel, not harsh or sci-fi; clean dry, no music or voice, short natural tail.",4 s,,SFX_Story_Sprout_01.wav
134,Story moments (one-offs; generate several and choose),Story_Reveal,"Slow vast stone grinding, wind falling silent, a long low rising swell of awe. Hand-crafted 2D fantasy platformer SFX, warm, organic, soft-edged; wood, leaf, moss, stone, sap, water; gentle storybook feel, not harsh or sci-fi; clean dry, no music or voice, short natural tail.",10 s,,SFX_Story_Reveal_01.wav
135,Story moments (one-offs; generate several and choose),Story_EyeOpen,"Colossal slow stone shifting, a deep soft rumble and a long gentle exhale of wind. Hand-crafted 2D fantasy platformer SFX, warm, organic, soft-edged; wood, leaf, moss, stone, sap, water; gentle storybook feel, not harsh or sci-fi; clean dry, no music or voice, short natural tail.",8 s,,SFX_Story_EyeOpen_01.wav
136,Story moments (one-offs; generate several and choose),Story_Ending,"Huge slow earth movement, careful and gentle, settling with birdsong returning. Hand-crafted 2D fantasy platformer SFX, warm, organic, soft-edged; wood, leaf, moss, stone, sap, water; gentle storybook feel, not harsh or sci-fi; clean dry, no music or voice, short natural tail.",12 s,,SFX_Story_Ending_01.wav
