#,Sound ID,Bus (mixer group),Event,Hook,Status,Loop,Requested s,Take 01,Take 02,Take 03,Take 04,Loop derivatives,Volume,Cooldown s,Max voices,Positional,Flags
1,Qori_Step_Moss,Player,Footstep on moss/soil (scene surface rule Moss),QoriMovementFeedback: rig footstep,wired,,0.3,SFX_Qori_Step_Moss_01.wav,SFX_Qori_Step_Moss_02.wav,SFX_Qori_Step_Moss_03.wav,SFX_Qori_Step_Moss_04.wav,,0.85,0.08,2,,
2,Qori_Step_Stone,Player,Footstep on stone (scene surface rule Stone),QoriMovementFeedback: rig footstep,wired,,0.3,SFX_Qori_Step_Stone_01.wav,SFX_Qori_Step_Stone_02.wav,SFX_Qori_Step_Stone_03.wav,SFX_Qori_Step_Stone_04.wav,,0.85,0.08,2,,
3,Qori_Step_Wood,Player,Footstep on wood (house interiors),QoriMovementFeedback: rig footstep,wired,,0.3,SFX_Qori_Step_Wood_01.wav,SFX_Qori_Step_Wood_02.wav,SFX_Qori_Step_Wood_03.wav,SFX_Qori_Step_Wood_04.wav,,0.85,0.08,2,,
4,Qori_Step_Water,Player,Splashing into a pool; footsteps on a Water surface,WaterPool splash; QoriMovementFeedback (ground named water/shallow),wired-unplaced,,0.4,SFX_Qori_Step_Water_01.wav,SFX_Qori_Step_Water_02.wav,SFX_Qori_Step_Water_03.wav,SFX_Qori_Step_Water_04.wav,,0.85,0.08,2,,03: clipped samples in source: 2
5,Qori_Jump,Player,"Jump, wall jump or flower boost leaves the ground",QoriMovementFeedback: PlayerMovement.LaunchVersion,wired,,0.4,SFX_Qori_Jump_01.wav,SFX_Qori_Jump_02.wav,SFX_Qori_Jump_03.wav,SFX_Qori_Jump_04.wav,,0.85,0.05,2,,
6,Qori_Land_Soft,Player,Landing from a short drop,QoriMovementFeedback: PlayerMovement.LandingVersion,wired,,0.5,SFX_Qori_Land_Soft_01.wav,SFX_Qori_Land_Soft_02.wav,SFX_Qori_Land_Soft_03.wav,SFX_Qori_Land_Soft_04.wav,,0.85,0.05,2,,
7,Qori_Land_Hard,Player,Landing from a long fall,QoriMovementFeedback: PlayerMovement.LandingVersion,wired,,0.7,SFX_Qori_Land_Hard_01.wav,SFX_Qori_Land_Hard_02.wav,SFX_Qori_Land_Hard_03.wav,SFX_Qori_Land_Hard_04.wav,,0.85,0.05,2,,01: clipped samples in source: 7 | 02: clipped samples in source: 990 | 03: clipped samples in source: 8
8,Qori_LedgeGrab,Player,Catches a ledge,QoriMovementFeedback: IsLedgeHanging starts,wired,,0.4,SFX_Qori_LedgeGrab_01.wav,SFX_Qori_LedgeGrab_02.wav,SFX_Qori_LedgeGrab_03.wav,SFX_Qori_LedgeGrab_04.wav,,0.85,0.05,2,,
9,Qori_Climb,Player,Climbs up from a ledge,QoriMovementFeedback: IsLedgeClimbing starts,wired,,0.6,SFX_Qori_Climb_01.wav,SFX_Qori_Climb_02.wav,SFX_Qori_Climb_03.wav,SFX_Qori_Climb_04.wav,,0.85,0.05,2,,
10,Qori_Dash,Player,Wind Leaf dash,QoriMovementFeedback: PlayerMovement.DashVersion,wired,,0.5,SFX_Qori_Dash_01.wav,SFX_Qori_Dash_02.wav,SFX_Qori_Dash_03.wav,SFX_Qori_Dash_04.wav,,0.85,0.05,2,,01: clipped samples in source: 2 | 02: clipped samples in source: 12 | 03: clipped samples in source: 103
11,Qori_Glide_Open,Player,Glidecap opens,QoriMovementFeedback: IsGliding starts,wired,,0.5,SFX_Qori_Glide_Open_01.wav,SFX_Qori_Glide_Open_02.wav,SFX_Qori_Glide_Open_03.wav,SFX_Qori_Glide_Open_04.wav,,0.85,0.05,2,,
12,Qori_Glide_Loop,Player,While gliding,QoriMovementFeedback: SfxEmitter on Qori while IsGliding,wired,yes,4.0,SFX_Qori_Glide_Loop_01.wav,SFX_Qori_Glide_Loop_02.wav,SFX_Qori_Glide_Loop_03.wav,SFX_Qori_Glide_Loop_04.wav,SFX_Qori_Glide_Loop_01_loop.wav,0.85,0.05,1,,03: quiet: 2.4 dB short of target at peak limit
13,Qori_Thread_Shoot,Player,Thread flicks out to an anchor,QoriMovementFeedback: PlayerThread.AttachmentVersion,wired,,0.4,SFX_Qori_Thread_Shoot_01.wav,SFX_Qori_Thread_Shoot_02.wav,SFX_Qori_Thread_Shoot_03.wav,SFX_Qori_Thread_Shoot_04.wav,,0.85,0.05,2,,
14,Qori_Thread_Attach,Player,Thread snags (just after the flick),QoriMovementFeedback: AttachmentVersion + 0.08 s,wired,,0.4,SFX_Qori_Thread_Attach_01.wav,SFX_Qori_Thread_Attach_02.wav,SFX_Qori_Thread_Attach_03.wav,SFX_Qori_Thread_Attach_04.wav,,0.85,0.05,2,,01: quiet: 1.0 dB short of target at peak limit
15,Qori_Thread_Swing,Player,Swinging fast through the bottom of the arc,"QoriMovementFeedback: attached, speed > 5, rising",wired,,0.8,SFX_Qori_Thread_Swing_01.wav,SFX_Qori_Thread_Swing_02.wav,SFX_Qori_Thread_Swing_03.wav,SFX_Qori_Thread_Swing_04.wav,,0.85,0.8,1,,01: clipped samples in source: 1 | 04: clipped samples in source: 500
16,Qori_Thread_Release,Player,Lets go of the thread,QoriMovementFeedback: PlayerThread.ReleaseVersion,wired,,0.3,SFX_Qori_Thread_Release_01.wav,SFX_Qori_Thread_Release_02.wav,SFX_Qori_Thread_Release_03.wav,SFX_Qori_Thread_Release_04.wav,,0.85,0.05,2,,02: clipped samples in source: 20 | 03: clipped samples in source: 2
17,Qori_Hurt,Player,Loses a heart and survives,PlayerHealth.TakeDamage,wired,,0.5,SFX_Qori_Hurt_01.wav,SFX_Qori_Hurt_02.wav,SFX_Qori_Hurt_03.wav,SFX_Qori_Hurt_04.wav,,0.85,0.3,2,,01: clipped samples in source: 444 | 03: clipped samples in source: 181
18,Qori_Death,Player,Loses the last heart,PlayerHealth.TakeDamage,wired,,1.5,SFX_Qori_Death_01.wav,SFX_Qori_Death_02.wav,SFX_Qori_Death_03.wav,SFX_Qori_Death_04.wav,,0.85,1,1,,01: quiet: 2.1 dB short of target at peak limit | 02: quiet: 0.9 dB short of target at peak limit
19,Qori_Respawn,Player,"Back at the checkpoint after a death, fall or deep water",QoriMovementFeedback: PlayerMovement.RespawnVersion,wired,,1.5,SFX_Qori_Respawn_01.wav,SFX_Qori_Respawn_02.wav,SFX_Qori_Respawn_03.wav,SFX_Qori_Respawn_04.wav,,0.85,1,1,,
20,Qori_Sit,Player,Sits on the listening bench,ListeningSpot.Sit,wired,,0.8,SFX_Qori_Sit_01.wav,SFX_Qori_Sit_02.wav,SFX_Qori_Sit_03.wav,SFX_Qori_Sit_04.wav,,0.85,0.05,2,,
21,Weapon_Staff_Swing,Combat,Leaf Staff attack starts,PlayerCombatFeedback.Started (weapon kind Staff),wired,,0.4,SFX_Weapon_Staff_Swing_01.wav,SFX_Weapon_Staff_Swing_02.wav,SFX_Weapon_Staff_Swing_03.wav,SFX_Weapon_Staff_Swing_04.wav,,0.85,0.04,3,,01: clipped samples in source: 170 | 02: clipped samples in source: 604 | 03: clipped samples in source: 166 | 04: clipped samples in source: 439
22,Weapon_Staff_Hit,Combat,Leaf Staff hit lands,"PlayerCombatFeedback.Hit (Damaged, Staff)",wired,,0.4,SFX_Weapon_Staff_Hit_01.wav,SFX_Weapon_Staff_Hit_02.wav,SFX_Weapon_Staff_Hit_03.wav,SFX_Weapon_Staff_Hit_04.wav,,0.85,0.04,3,,
23,Weapon_Reedblade_Swing,Combat,Leaf Sword / reed blade attack starts,PlayerCombatFeedback.Started (Sword),wired,,0.35,SFX_Weapon_Reedblade_Swing_01.wav,SFX_Weapon_Reedblade_Swing_02.wav,SFX_Weapon_Reedblade_Swing_03.wav,SFX_Weapon_Reedblade_Swing_04.wav,,0.85,0.04,3,,01: clipped samples in source: 498 | 02: clipped samples in source: 285
24,Weapon_Reedblade_Hit,Combat,Sword hit lands,"PlayerCombatFeedback.Hit (Damaged, Sword)",wired,,0.4,SFX_Weapon_Reedblade_Hit_01.wav,SFX_Weapon_Reedblade_Hit_02.wav,SFX_Weapon_Reedblade_Hit_03.wav,SFX_Weapon_Reedblade_Hit_04.wav,,0.85,0.04,3,,02: quiet: 2.5 dB short of target at peak limit | 04: clipped samples in source: 38
25,Weapon_Mace_Swing,Combat,Seedpod Mace attack starts,PlayerCombatFeedback.Started (Mace),wired,,0.5,SFX_Weapon_Mace_Swing_01.wav,SFX_Weapon_Mace_Swing_02.wav,SFX_Weapon_Mace_Swing_03.wav,SFX_Weapon_Mace_Swing_04.wav,,0.85,0.04,3,,01: clipped samples in source: 234
26,Weapon_Mace_Hit,Combat,Mace hit lands (and cracks a Shellback's shell),"PlayerCombatFeedback.Hit (Damaged, Mace)",wired,,0.6,SFX_Weapon_Mace_Hit_01.wav,SFX_Weapon_Mace_Hit_02.wav,SFX_Weapon_Mace_Hit_03.wav,SFX_Weapon_Mace_Hit_04.wav,,0.85,0.04,3,,"01: quiet: 1.6 dB short of target at peak limit | 02: clipped samples in source: 5 | 03: clipped samples in source: 14 | 04: clipped samples in source: 9, quiet: 3.9 dB short of target at peak limit"
27,Weapon_Spear_Thrust,Combat,Thorn Spear attack starts,PlayerCombatFeedback.Started (Spear),wired,,0.35,SFX_Weapon_Spear_Thrust_01.wav,SFX_Weapon_Spear_Thrust_02.wav,SFX_Weapon_Spear_Thrust_03.wav,SFX_Weapon_Spear_Thrust_04.wav,,0.85,0.04,3,,01: clipped samples in source: 87
28,Weapon_Spear_Hit,Combat,Spear hit lands,"PlayerCombatFeedback.Hit (Damaged, Spear)",wired,,0.4,SFX_Weapon_Spear_Hit_01.wav,SFX_Weapon_Spear_Hit_02.wav,SFX_Weapon_Spear_Hit_03.wav,SFX_Weapon_Spear_Hit_04.wav,,0.85,0.04,3,,02: clipped samples in source: 16
29,Weapon_Sling_Shot,Combat,Resin sling releases a pellet,QoriResinShot.Launch,wired,,0.4,SFX_Weapon_Sling_Shot_01.wav,SFX_Weapon_Sling_Shot_02.wav,SFX_Weapon_Sling_Shot_03.wav,SFX_Weapon_Sling_Shot_04.wav,,0.85,0.04,3,,
30,Weapon_Sling_Impact,Combat,Sling pellet hits a target or rock,QoriResinShot (hit),wired,,0.3,SFX_Weapon_Sling_Impact_01.wav,SFX_Weapon_Sling_Impact_02.wav,SFX_Weapon_Sling_Impact_03.wav,SFX_Weapon_Sling_Impact_04.wav,,0.85,0.04,3,,
31,Combat_Pogo_Bounce,Combat,"Downward strike bounces Qori (pods, grubs)",PlayerCombatFeedback.Hit (CanPogo),wired,,0.5,SFX_Combat_Pogo_Bounce_01.wav,SFX_Combat_Pogo_Bounce_02.wav,SFX_Combat_Pogo_Bounce_03.wav,SFX_Combat_Pogo_Bounce_04.wav,,0.85,0.04,3,,
32,Combat_Blocked,Combat,"A blow glances off a shell, a guardian or a seed switch","PlayerCombatFeedback.Hit (Blocked, not a Sentinel); QoriResinShot",wired,,0.5,SFX_Combat_Blocked_01.wav,SFX_Combat_Blocked_02.wav,SFX_Combat_Blocked_03.wav,SFX_Combat_Blocked_04.wav,,0.85,0.12,3,,01: quiet: 4.5 dB short of target at peak limit | 02: quiet: 6.8 dB short of target at peak limit | 03: quiet: 1.8 dB short of target at peak limit | 04: quiet: 2.4 dB short of target at peak limit
33,Combat_Parry,Combat,A parry,none: no parry exists,future,,0.5,SFX_Combat_Parry_01.wav,SFX_Combat_Parry_02.wav,SFX_Combat_Parry_03.wav,SFX_Combat_Parry_04.wav,,0.85,0.04,3,,01: clipped samples in source: 18 | 03: quiet: 1.5 dB short of target at peak limit
34,Combat_ChargeUp,Combat,Charging a heavy attack,none: no charged attack exists,future,yes,2.0,SFX_Combat_ChargeUp_01.wav,SFX_Combat_ChargeUp_02.wav,SFX_Combat_ChargeUp_03.wav,SFX_Combat_ChargeUp_04.wav,SFX_Combat_ChargeUp_03_loop.wav SFX_Combat_ChargeUp_04_loop.wav,0.85,0.04,3,,
35,Combat_ChargeRelease,Combat,Releasing a charged attack,none: no charged attack exists,future,,0.8,SFX_Combat_ChargeRelease_01.wav,SFX_Combat_ChargeRelease_02.wav,SFX_Combat_ChargeRelease_03.wav,SFX_Combat_ChargeRelease_04.wav,,0.85,0.04,3,,01: clipped samples in source: 34 | 02: clipped samples in source: 91 | 03: clipped samples in source: 79
36,Combat_HitStop_Heavy,Combat,Weight under a mace hit's freeze frame,"PlayerCombatFeedback.Hit (Damaged, Mace)",wired,,0.5,SFX_Combat_HitStop_Heavy_01.wav,SFX_Combat_HitStop_Heavy_02.wav,SFX_Combat_HitStop_Heavy_03.wav,SFX_Combat_HitStop_Heavy_04.wav,,0.85,0.04,3,,
37,Combat_EnemyDefeat,Combat,An enemy is defeated,EnemyBase.Die,wired,,0.8,SFX_Combat_EnemyDefeat_01.wav,SFX_Combat_EnemyDefeat_02.wav,SFX_Combat_EnemyDefeat_03.wav,SFX_Combat_EnemyDefeat_04.wav,,0.85,0.04,3,yes,01: quiet: 9.7 dB short of target at peak limit | 02: quiet: 3.3 dB short of target at peak limit | 03: quiet: 3.0 dB short of target at peak limit | 04: quiet: 6.1 dB short of target at peak limit
38,Crawler_Move,Enemy,Crawler skitters while patrolling,GroundCreature: SfxEmitter while moving,wired-unplaced,yes,1.0,SFX_Crawler_Move_01.wav,SFX_Crawler_Move_02.wav,SFX_Crawler_Move_03.wav,SFX_Crawler_Move_04.wav,SFX_Crawler_Move_01_loop.wav SFX_Crawler_Move_02_loop.wav SFX_Crawler_Move_03_loop.wav SFX_Crawler_Move_04_loop.wav,0.85,0.08,2,yes,"01: loop derivative seam still flagged: crossfade level +4.3 dB against its neighbours | 02: loop derivative seam still flagged: crossfade level +6.4 dB against its neighbours | 03: quiet: 1.3 dB short of target at peak limit, loop derivative seam still flagged: crossfade level +8.6 dB against its neighbours | 04: loop derivative seam still flagged: crossfade level +11.8 dB against its neighbours"
39,Thornwing_Hover,Enemy,Thornwing hovering,ThornwingEnemy: SfxEmitter while alive,wired,yes,2.0,SFX_Thornwing_Hover_01.wav,SFX_Thornwing_Hover_02.wav,SFX_Thornwing_Hover_03.wav,SFX_Thornwing_Hover_04.wav,SFX_Thornwing_Hover_02_loop.wav,0.85,0.08,2,yes,
40,Thornwing_Rear,Enemy,Thornwing rears up (telegraph),ThornwingEnemy.Enter(Telegraph),wired,,0.6,SFX_Thornwing_Rear_01.wav,SFX_Thornwing_Rear_02.wav,SFX_Thornwing_Rear_03.wav,SFX_Thornwing_Rear_04.wav,,0.85,0.08,3,yes,04: quiet: 1.0 dB short of target at peak limit
41,Thornwing_Dive,Enemy,Thornwing dives,ThornwingEnemy.Enter(Dive),wired,,0.7,SFX_Thornwing_Dive_01.wav,SFX_Thornwing_Dive_02.wav,SFX_Thornwing_Dive_03.wav,SFX_Thornwing_Dive_04.wav,,0.85,0.08,3,yes,03: clipped samples in source: 4
42,Spitter_Swell,Enemy,Pod Spitter swells to shoot,SpitterEnemy: swell starts,wired,,0.8,SFX_Spitter_Swell_01.wav,SFX_Spitter_Swell_02.wav,SFX_Spitter_Swell_03.wav,SFX_Spitter_Swell_04.wav,,0.85,0.08,3,yes,
43,Spitter_Spit,Enemy,Pod Spitter spits a seed,SpitterEnemy.Spit,wired,,0.4,SFX_Spitter_Spit_01.wav,SFX_Spitter_Spit_02.wav,SFX_Spitter_Spit_03.wav,SFX_Spitter_Spit_04.wav,,0.85,0.08,3,yes,04: quiet: 4.0 dB short of target at peak limit
44,Spitter_SeedHit,Enemy,A seed breaks on rock or a weapon,SpitterSeed,wired,,0.3,SFX_Spitter_SeedHit_01.wav,SFX_Spitter_SeedHit_02.wav,SFX_Spitter_SeedHit_03.wav,SFX_Spitter_SeedHit_04.wav,,0.85,0.08,3,yes,02: quiet: 1.8 dB short of target at peak limit | 03: quiet: 2.7 dB short of target at peak limit
45,Shellback_Walk,Enemy,Shellback plodding,ShellbackEnemy: SfxEmitter while walking,wired,yes,2.0,SFX_Shellback_Walk_01.wav,SFX_Shellback_Walk_02.wav,SFX_Shellback_Walk_03.wav,SFX_Shellback_Walk_04.wav,SFX_Shellback_Walk_01_loop.wav SFX_Shellback_Walk_03_loop.wav SFX_Shellback_Walk_04_loop.wav,0.85,0.08,2,yes,"01: quiet: 2.9 dB short of target at peak limit | 04: quiet: 0.9 dB short of target at peak limit, loop derivative seam still flagged: crossfade level -4.1 dB against its neighbours"
46,Shellback_ShellCrack,Enemy,The mace cracks a Shellback's shell,ShellbackEnemy.ReceiveCombatHit,wired,,1.0,SFX_Shellback_ShellCrack_01.wav,SFX_Shellback_ShellCrack_02.wav,SFX_Shellback_ShellCrack_03.wav,SFX_Shellback_ShellCrack_04.wav,,0.85,0.08,3,yes,"01: quiet: 2.8 dB short of target at peak limit | 02: quiet: 1.2 dB short of target at peak limit | 03: quiet: 4.1 dB short of target at peak limit | 04: clipped samples in source: 1, quiet: 1.0 dB short of target at peak limit"
47,Grub_Burrow,Enemy,Burrow Grub tunnelling toward Qori,GrubEnemy: SfxEmitter in Tunnel/Telegraph,wired,yes,2.0,SFX_Grub_Burrow_01.wav,SFX_Grub_Burrow_02.wav,SFX_Grub_Burrow_03.wav,SFX_Grub_Burrow_04.wav,SFX_Grub_Burrow_01_loop.wav SFX_Grub_Burrow_02_loop.wav SFX_Grub_Burrow_03_loop.wav SFX_Grub_Burrow_04_loop.wav,0.85,0.08,2,yes,02: loop derivative seam still flagged: crossfade level +5.4 dB against its neighbours | 03: quiet: 5.5 dB short of target at peak limit | 04: loop derivative seam still flagged: crossfade level -23.6 dB against its neighbours
48,Grub_Erupt,Enemy,Burrow Grub erupts,GrubEnemy.Enter(Rise),wired,,0.8,SFX_Grub_Erupt_01.wav,SFX_Grub_Erupt_02.wav,SFX_Grub_Erupt_03.wav,SFX_Grub_Erupt_04.wav,,0.85,0.08,3,yes,01: quiet: 1.5 dB short of target at peak limit | 02: quiet: 2.8 dB short of target at peak limit | 03: quiet: 3.0 dB short of target at peak limit | 04: quiet: 5.2 dB short of target at peak limit
49,Newt_Ripple,Enemy,Ripple Newt under the water,NewtEnemy: SfxEmitter while Submerged,wired,yes,2.0,SFX_Newt_Ripple_01.wav,SFX_Newt_Ripple_02.wav,SFX_Newt_Ripple_03.wav,SFX_Newt_Ripple_04.wav,SFX_Newt_Ripple_01_loop.wav SFX_Newt_Ripple_02_loop.wav SFX_Newt_Ripple_04_loop.wav,0.85,0.08,2,yes,"01: clipped samples in source: 10, loop derivative seam still flagged: crossfade level +24.5 dB against its neighbours | 02: loop derivative seam still flagged: crossfade level +6.9 dB against its neighbours | 04: loop derivative seam still flagged: crossfade level -7.1 dB against its neighbours"
50,Newt_Leap,Enemy,"Ripple Newt leaps out (and back in, quieter)",NewtEnemy.Enter(Leap/Submerged),wired,,1.0,SFX_Newt_Leap_01.wav,SFX_Newt_Leap_02.wav,SFX_Newt_Leap_03.wav,SFX_Newt_Leap_04.wav,,0.85,0.08,3,yes,03: quiet: 0.5 dB short of target at peak limit | 04: quiet: 1.0 dB short of target at peak limit
51,Sentinel_Step,Enemy,Bark Sentinel steps,SentinelEnemy: every 0.55 s while moving,wired,,0.6,SFX_Sentinel_Step_01.wav,SFX_Sentinel_Step_02.wav,SFX_Sentinel_Step_03.wav,SFX_Sentinel_Step_04.wav,,0.85,0.3,3,yes,02: clipped samples in source: 329 | 03: clipped samples in source: 763
52,Sentinel_ShieldBlock,Enemy,A blow hits the bark shield,"PlayerCombatFeedback.Hit (Blocked, Sentinel)",wired,,0.5,SFX_Sentinel_ShieldBlock_01.wav,SFX_Sentinel_ShieldBlock_02.wav,SFX_Sentinel_ShieldBlock_03.wav,SFX_Sentinel_ShieldBlock_04.wav,,0.85,0.12,3,yes,
53,Sentinel_Bash,Enemy,Bark Sentinel bashes,SentinelEnemy.Enter(Bash),wired,,0.7,SFX_Sentinel_Bash_01.wav,SFX_Sentinel_Bash_02.wav,SFX_Sentinel_Bash_03.wav,SFX_Sentinel_Bash_04.wav,,0.85,0.08,3,yes,
54,GustMoth_Wings,Enemy,Gust Moth hovering,GustMothEnemy: SfxEmitter while alive,wired,yes,2.0,SFX_GustMoth_Wings_01.wav,SFX_GustMoth_Wings_02.wav,SFX_GustMoth_Wings_03.wav,SFX_GustMoth_Wings_04.wav,SFX_GustMoth_Wings_01_loop.wav SFX_GustMoth_Wings_03_loop.wav SFX_GustMoth_Wings_04_loop.wav,0.85,0.08,2,yes,01: quiet: 3.0 dB short of target at peak limit | 02: quiet: 6.5 dB short of target at peak limit | 03: loop derivative seam still flagged: crossfade level +14.4 dB against its neighbours | 04: loop derivative seam still flagged: crossfade level +6.3 dB against its neighbours
55,GustMoth_Blast,Enemy,Gust Moth beats a wind blast,GustMothEnemy.Blast,wired,,1.0,SFX_GustMoth_Blast_01.wav,SFX_GustMoth_Blast_02.wav,SFX_GustMoth_Blast_03.wav,SFX_GustMoth_Blast_04.wav,,0.85,0.08,3,yes,01: clipped samples in source: 2 | 03: clipped samples in source: 1
56,Enemy_Telegraph,Enemy,Any enemy's warning glint,Fx.Glint (enemy telegraphs only),wired,,0.3,SFX_Enemy_Telegraph_01.wav,SFX_Enemy_Telegraph_02.wav,SFX_Enemy_Telegraph_03.wav,SFX_Enemy_Telegraph_04.wav,,0.85,0.15,3,yes,02: quiet: 0.5 dB short of target at peak limit
57,Guardian_Awaken,Enemy,Knucklebramble wakes when Qori first comes near,"KnucklebrambleGuardian.Enter (Dormant to Pause, once)",wired,,3.0,SFX_Guardian_Awaken_01.wav,SFX_Guardian_Awaken_02.wav,SFX_Guardian_Awaken_03.wav,SFX_Guardian_Awaken_04.wav,,0.85,5,1,yes,
58,Guardian_ArmRaise,Enemy,A thorn-arm rises (telegraph),KnucklebrambleGuardian.Enter(Telegraph),wired,,1.0,SFX_Guardian_ArmRaise_01.wav,SFX_Guardian_ArmRaise_02.wav,SFX_Guardian_ArmRaise_03.wav,SFX_Guardian_ArmRaise_04.wav,,0.85,0.08,3,yes,03: clipped samples in source: 1
59,Guardian_ArmSlam,Enemy,A thorn-arm slams,KnucklebrambleGuardian: slam impact,wired,,1.2,SFX_Guardian_ArmSlam_01.wav,SFX_Guardian_ArmSlam_02.wav,SFX_Guardian_ArmSlam_03.wav,SFX_Guardian_ArmSlam_04.wav,,0.85,0.08,3,yes,04: clipped samples in source: 65
60,Guardian_Hurt,Enemy,The exposed core is struck,KnucklebrambleGuardian.ReceiveCombatHit,wired,,0.8,SFX_Guardian_Hurt_01.wav,SFX_Guardian_Hurt_02.wav,SFX_Guardian_Hurt_03.wav,SFX_Guardian_Hurt_04.wav,,0.85,0.08,3,yes,01: clipped samples in source: 2 | 03: clipped samples in source: 6
61,Guardian_Defeat,Enemy,Knucklebramble collapses,KnucklebrambleGuardian.Die,wired,,4.0,SFX_Guardian_Defeat_01.wav,SFX_Guardian_Defeat_02.wav,SFX_Guardian_Defeat_03.wav,SFX_Guardian_Defeat_04.wav,,0.85,0.08,1,yes,"01: clipped samples in source: 3, quiet: 8.2 dB short of target at peak limit | 02: clipped samples in source: 10, quiet: 4.3 dB short of target at peak limit | 03: quiet: 8.5 dB short of target at peak limit | 04: clipped samples in source: 7"
62,Knot_Idle,World,A sleeping knot hums,MraKnot: SfxEmitter while not awake,wired,yes,4.0,SFX_Knot_Idle_01.wav,SFX_Knot_Idle_02.wav,SFX_Knot_Idle_03.wav,SFX_Knot_Idle_04.wav,SFX_Knot_Idle_01_loop.wav SFX_Knot_Idle_04_loop.wav,0.85,0.1,1,yes,
63,Knot_Wake,World,Qori touches a knot,MraKnot.Quake start,wired,,3.0,SFX_Knot_Wake_01.wav,SFX_Knot_Wake_02.wav,SFX_Knot_Wake_03.wav,SFX_Knot_Wake_04.wav,,0.85,2,1,yes,
64,Quake_Stir,World,The land shakes after a knot wakes,MraKnot.Quake shake,wired,,6.0,SFX_Quake_Stir_01.wav,SFX_Quake_Stir_02.wav,SFX_Quake_Stir_03.wav,SFX_Quake_Stir_04.wav,,0.85,2,1,,
65,Quake_Small,World,A short tremor,none: no aftershock event,no-hook,,2.5,SFX_Quake_Small_01.wav,SFX_Quake_Small_02.wav,SFX_Quake_Small_03.wav,SFX_Quake_Small_04.wav,,0.85,0.1,2,yes,
66,Swell_Loop,World,The Ribwood's swell ledge heaving,MraSwell: SfxEmitter,wired,yes,10.0,SFX_Swell_Loop_01.wav,SFX_Swell_Loop_02.wav,SFX_Swell_Loop_03.wav,SFX_Swell_Loop_04.wav,SFX_Swell_Loop_01_loop.wav SFX_Swell_Loop_03_loop.wav,0.85,0.1,1,yes,03: loop derivative seam still flagged: crossfade level -17.6 dB against its neighbours
67,Spring_Pulse,World,A warm spring pulsing,WarmSpring: SfxEmitter,wired-unplaced,yes,6.0,SFX_Spring_Pulse_01.wav,SFX_Spring_Pulse_02.wav,SFX_Spring_Pulse_03.wav,SFX_Spring_Pulse_04.wav,SFX_Spring_Pulse_02_loop.wav SFX_Spring_Pulse_03_loop.wav,0.85,0.1,2,yes,02: loop derivative seam still flagged: crossfade level -4.6 dB against its neighbours
68,Arch_Fall,World,A great arch falls across a ravine,none: the MRA stirs swap art without a fall,no-hook,,5.0,SFX_Arch_Fall_01.wav,SFX_Arch_Fall_02.wav,SFX_Arch_Fall_03.wav,SFX_Arch_Fall_04.wav,,0.85,0.1,2,yes,"01: quiet: 10.9 dB short of target at peak limit | 02: clipped samples in source: 1, quiet: 0.6 dB short of target at peak limit | 03: quiet: 7.5 dB short of target at peak limit | 04: quiet: 6.8 dB short of target at peak limit"
69,Rock_Fall,World,A falling rock,FallingRock,wired-unplaced,,1.2,SFX_Rock_Fall_01.wav,SFX_Rock_Fall_02.wav,SFX_Rock_Fall_03.wav,SFX_Rock_Fall_04.wav,,0.85,0.1,2,yes,"01: quiet: 6.1 dB short of target at peak limit | 02: quiet: 4.9 dB short of target at peak limit | 03: clipped samples in source: 1, quiet: 4.2 dB short of target at peak limit | 04: quiet: 8.2 dB short of target at peak limit"
70,Platform_Crumble,World,A fragile ledge starts to crumble,CrumblePlatform,wired-unplaced,,1.5,SFX_Platform_Crumble_01.wav,SFX_Platform_Crumble_02.wav,SFX_Platform_Crumble_03.wav,SFX_Platform_Crumble_04.wav,,0.85,0.1,2,yes,"01: quiet: 1.3 dB short of target at peak limit | 02: quiet: 2.6 dB short of target at peak limit | 03: quiet: 3.9 dB short of target at peak limit | 04: clipped samples in source: 7, quiet: 3.9 dB short of target at peak limit"
71,Platform_Reform,World,A crumbled ledge re-forms,CrumblePlatform,wired-unplaced,,1.0,SFX_Platform_Reform_01.wav,SFX_Platform_Reform_02.wav,SFX_Platform_Reform_03.wav,SFX_Platform_Reform_04.wav,,0.85,0.1,2,yes,"01: clipped samples in source: 2, quiet: 0.8 dB short of target at peak limit | 02: quiet: 6.7 dB short of target at peak limit | 03: quiet: 4.6 dB short of target at peak limit | 04: quiet: 2.1 dB short of target at peak limit"
72,Thorns_Warn,World,Timed thorns shiver before rising,MraTimedHazard: warn phase starts,wired,,0.5,SFX_Thorns_Warn_01.wav,SFX_Thorns_Warn_02.wav,SFX_Thorns_Warn_03.wav,SFX_Thorns_Warn_04.wav,,0.85,0.2,2,yes,01: clipped samples in source: 720 | 03: clipped samples in source: 3
73,Thorns_Rise,World,Timed thorns stab up,MraTimedHazard: up phase starts,wired,,0.4,SFX_Thorns_Rise_01.wav,SFX_Thorns_Rise_02.wav,SFX_Thorns_Rise_03.wav,SFX_Thorns_Rise_04.wav,,0.85,0.2,2,yes,03: clipped samples in source: 4
74,Thorns_Sink,World,Timed thorns sink,MraTimedHazard: down phase starts,wired,,0.4,SFX_Thorns_Sink_01.wav,SFX_Thorns_Sink_02.wav,SFX_Thorns_Sink_03.wav,SFX_Thorns_Sink_04.wav,,0.85,0.2,2,yes,
75,Breakable_Smash,World,A brittle wall breaks,Breakable,wired-unplaced,,1.0,SFX_Breakable_Smash_01.wav,SFX_Breakable_Smash_02.wav,SFX_Breakable_Smash_03.wav,SFX_Breakable_Smash_04.wav,,0.85,0.1,2,yes,01: clipped samples in source: 6 | 02: clipped samples in source: 2 | 04: clipped samples in source: 49
76,SecretWall_Open,World,A hidden wall crumbles away,SecretWall,wired-unplaced,,1.5,SFX_SecretWall_Open_01.wav,SFX_SecretWall_Open_02.wav,SFX_SecretWall_Open_03.wav,SFX_SecretWall_Open_04.wav,,0.85,0.1,2,yes,"01: quiet: 3.9 dB short of target at peak limit | 02: quiet: 6.1 dB short of target at peak limit | 03: quiet: 4.3 dB short of target at peak limit | 04: clipped samples in source: 1, quiet: 3.4 dB short of target at peak limit"
77,Gate_Open,World,A gate opens (heard wherever it is: a puzzle's answer),MraGate: IsOpen becomes true after the scene starts,wired,,2.0,SFX_Gate_Open_01.wav,SFX_Gate_Open_02.wav,SFX_Gate_Open_03.wav,SFX_Gate_Open_04.wav,,0.85,0.1,2,,03: clipped samples in source: 8 | 04: clipped samples in source: 6
78,Gate_Close,World,A gate closes,MraGate: IsOpen becomes false after the scene starts,wired,,1.5,SFX_Gate_Close_01.wav,SFX_Gate_Close_02.wav,SFX_Gate_Close_03.wav,SFX_Gate_Close_04.wav,,0.85,0.1,2,,02: clipped samples in source: 8
79,Lever_Pull,World,A lever is pulled,MraLever.Use (no wheel),wired,,0.8,SFX_Lever_Pull_01.wav,SFX_Lever_Pull_02.wav,SFX_Lever_Pull_03.wav,SFX_Lever_Pull_04.wav,,0.85,0.1,2,yes,
80,Wheel_Turn,World,A sluice/winch wheel is turned,MraLever.Use (with MraWheelSpin),wired,,1.5,SFX_Wheel_Turn_01.wav,SFX_Wheel_Turn_02.wav,SFX_Wheel_Turn_03.wav,SFX_Wheel_Turn_04.wav,,0.85,0.1,2,yes,01: clipped samples in source: 4 | 02: clipped samples in source: 53 | 03: clipped samples in source: 2 | 04: clipped samples in source: 4
81,PressurePlate_Down,World,A pressure plate sinks,PressurePlate,wired,,0.6,SFX_PressurePlate_Down_01.wav,SFX_PressurePlate_Down_02.wav,SFX_PressurePlate_Down_03.wav,SFX_PressurePlate_Down_04.wav,,0.85,0.1,2,yes,01: clipped samples in source: 26 | 02: clipped samples in source: 10
82,SeedSwitch_Hit,World,A seed switch or a sequence light is struck,"SeedSwitch, MraSequence.Press",wired,,0.6,SFX_SeedSwitch_Hit_01.wav,SFX_SeedSwitch_Hit_02.wav,SFX_SeedSwitch_Hit_03.wav,SFX_SeedSwitch_Hit_04.wav,,0.85,0.1,2,yes,01: clipped samples in source: 7 | 02: quiet: 0.7 dB short of target at peak limit | 03: clipped samples in source: 6 | 04: clipped samples in source: 8
83,GrowthFlower_Bloom,World,A growth flower blooms,GrowthFlower,wired-unplaced,,1.2,SFX_GrowthFlower_Bloom_01.wav,SFX_GrowthFlower_Bloom_02.wav,SFX_GrowthFlower_Bloom_03.wav,SFX_GrowthFlower_Bloom_04.wav,,0.85,0.1,2,yes,
84,MovingPlatform_Loop,World,A moving platform slides,MovingPlatform: SfxEmitter,wired-unplaced,yes,3.0,SFX_MovingPlatform_Loop_01.wav,SFX_MovingPlatform_Loop_02.wav,SFX_MovingPlatform_Loop_03.wav,SFX_MovingPlatform_Loop_04.wav,SFX_MovingPlatform_Loop_02_loop.wav,0.85,0.1,2,yes,04: quiet: 0.9 dB short of target at peak limit
85,HangingChain,World,Qori brushes hanging chains,none: HangingChains has no contact event,no-hook,,1.5,SFX_HangingChain_01.wav,SFX_HangingChain_02.wav,SFX_HangingChain_03.wav,SFX_HangingChain_04.wav,,0.85,0.6,2,yes,
86,Amb_Cradle,Ambience,MR01 Cradle bed,SfxPlayer scene rule MRAtlas_MR01,wired,yes,20.0,SFX_Amb_Cradle_01.wav,SFX_Amb_Cradle_02.wav,SFX_Amb_Cradle_03.wav,SFX_Amb_Cradle_04.wav,SFX_Amb_Cradle_01_loop.wav SFX_Amb_Cradle_02_loop.wav SFX_Amb_Cradle_03_loop.wav SFX_Amb_Cradle_04_loop.wav,0.75,0.5,1,,
87,Amb_Causeway,Ambience,MR02 Causeway bed,SfxPlayer scene rule MRAtlas_MR02,wired,yes,20.0,SFX_Amb_Causeway_01.wav,SFX_Amb_Causeway_02.wav,SFX_Amb_Causeway_03.wav,SFX_Amb_Causeway_04.wav,SFX_Amb_Causeway_01_loop.wav SFX_Amb_Causeway_02_loop.wav SFX_Amb_Causeway_03_loop.wav SFX_Amb_Causeway_04_loop.wav,0.75,0.5,1,,
88,Amb_Terraces,Ambience,MR03 Terraces bed,SfxPlayer scene rule MRAtlas_MR03,wired,yes,20.0,SFX_Amb_Terraces_01.wav,SFX_Amb_Terraces_02.wav,SFX_Amb_Terraces_03.wav,SFX_Amb_Terraces_04.wav,SFX_Amb_Terraces_01_loop.wav SFX_Amb_Terraces_02_loop.wav SFX_Amb_Terraces_03_loop.wav SFX_Amb_Terraces_04_loop.wav,0.75,0.5,1,,01: loop derivative seam still flagged: crossfade level -6.4 dB against its neighbours
89,Amb_Qvale,Ambience,MR04 Qvale bed,SfxPlayer scene rule MRAtlas_MR04_Qvale,wired,yes,20.0,SFX_Amb_Qvale_01.wav,SFX_Amb_Qvale_02.wav,SFX_Amb_Qvale_03.wav,SFX_Amb_Qvale_04.wav,SFX_Amb_Qvale_01_loop.wav SFX_Amb_Qvale_02_loop.wav SFX_Amb_Qvale_03_loop.wav SFX_Amb_Qvale_04_loop.wav,0.75,0.5,1,,03: loop derivative seam still flagged: crossfade level -5.1 dB against its neighbours | 04: loop derivative seam still flagged: crossfade level +10.1 dB against its neighbours
90,Amb_Ribwood,Ambience,MR05 Ribwood bed,SfxPlayer scene rule MRAtlas_MR05,wired,yes,20.0,SFX_Amb_Ribwood_01.wav,SFX_Amb_Ribwood_02.wav,SFX_Amb_Ribwood_03.wav,SFX_Amb_Ribwood_04.wav,SFX_Amb_Ribwood_01_loop.wav SFX_Amb_Ribwood_02_loop.wav SFX_Amb_Ribwood_03_loop.wav SFX_Amb_Ribwood_04_loop.wav,0.75,0.5,1,,02: loop derivative seam still flagged: crossfade level -4.9 dB against its neighbours | 04: loop derivative seam still flagged: crossfade level -5.7 dB against its neighbours
91,Amb_Heights,Ambience,MR06 Heights bed,SfxPlayer scene rule MRAtlas_MR06,wired,yes,20.0,SFX_Amb_Heights_01.wav,SFX_Amb_Heights_02.wav,SFX_Amb_Heights_03.wav,SFX_Amb_Heights_04.wav,SFX_Amb_Heights_01_loop.wav SFX_Amb_Heights_02_loop.wav SFX_Amb_Heights_03_loop.wav SFX_Amb_Heights_04_loop.wav,0.75,0.5,1,,
92,Amb_Summit,Ambience,MR07 Summit bed,SfxPlayer scene rule MRAtlas_MR07,wired,yes,20.0,SFX_Amb_Summit_01.wav,SFX_Amb_Summit_02.wav,SFX_Amb_Summit_03.wav,SFX_Amb_Summit_04.wav,SFX_Amb_Summit_01_loop.wav SFX_Amb_Summit_02_loop.wav SFX_Amb_Summit_03_loop.wav SFX_Amb_Summit_04_loop.wav,0.75,0.5,1,,02: quiet: 4.2 dB short of target at peak limit
93,Amb_Descent,Ambience,MR08 Descent bed,SfxPlayer scene rule MRAtlas_MR08,wired,yes,20.0,SFX_Amb_Descent_01.wav,SFX_Amb_Descent_02.wav,SFX_Amb_Descent_03.wav,SFX_Amb_Descent_04.wav,SFX_Amb_Descent_01_loop.wav SFX_Amb_Descent_02_loop.wav SFX_Amb_Descent_03_loop.wav SFX_Amb_Descent_04_loop.wav,0.75,0.5,1,,01: loop derivative seam still flagged: crossfade level +5.2 dB against its neighbours | 02: loop derivative seam still flagged: crossfade level +11.4 dB against its neighbours | 03: loop derivative seam still flagged: crossfade level +8.0 dB against its neighbours
94,Amb_Cave,Ambience,Side caves (all regions),SfxPlayer scene rule MRAtlas_MRxx_Cyy,wired,yes,20.0,SFX_Amb_Cave_01.wav,SFX_Amb_Cave_02.wav,SFX_Amb_Cave_03.wav,SFX_Amb_Cave_04.wav,SFX_Amb_Cave_01_loop.wav SFX_Amb_Cave_02_loop.wav SFX_Amb_Cave_03_loop.wav SFX_Amb_Cave_04_loop.wav,0.75,0.5,1,,01: quiet: 1.8 dB short of target at peak limit | 02: quiet: 1.2 dB short of target at peak limit
95,Amb_HouseInterior,Ambience,Qvale home interiors,SfxPlayer scene rule MRAtlas_MR04_C02..C06,wired,yes,15.0,SFX_Amb_HouseInterior_01.wav,SFX_Amb_HouseInterior_02.wav,SFX_Amb_HouseInterior_03.wav,SFX_Amb_HouseInterior_04.wav,SFX_Amb_HouseInterior_01_loop.wav SFX_Amb_HouseInterior_02_loop.wav SFX_Amb_HouseInterior_03_loop.wav SFX_Amb_HouseInterior_04_loop.wav,0.75,0.5,1,,02: quiet: 2.9 dB short of target at peak limit | 03: quiet: 3.7 dB short of target at peak limit | 04: quiet: 3.5 dB short of target at peak limit
96,Water_Stream,Ambience,Near a stream,none: no flowing-water object (pools are still),no-hook,yes,10.0,SFX_Water_Stream_01.wav,SFX_Water_Stream_02.wav,SFX_Water_Stream_03.wav,SFX_Water_Stream_04.wav,SFX_Water_Stream_01_loop.wav SFX_Water_Stream_02_loop.wav SFX_Water_Stream_03_loop.wav,0.75,0.5,2,yes,
97,Waterfall,Ambience,Near a waterfall,WaterfallSplash: SfxEmitter,wired-unplaced,yes,10.0,SFX_Waterfall_01.wav,SFX_Waterfall_02.wav,SFX_Waterfall_03.wav,SFX_Waterfall_04.wav,SFX_Waterfall_01_loop.wav SFX_Waterfall_02_loop.wav SFX_Waterfall_03_loop.wav SFX_Waterfall_04_loop.wav,0.75,0.5,2,yes,02: quiet: 1.0 dB short of target at peak limit | 04: clipped samples in source: 2
98,Night_Hum,Ambience,Quiet night hum,none: the game has no night scene,no-hook,yes,15.0,SFX_Night_Hum_01.wav,SFX_Night_Hum_02.wav,SFX_Night_Hum_03.wav,SFX_Night_Hum_04.wav,SFX_Night_Hum_01_loop.wav SFX_Night_Hum_03_loop.wav SFX_Night_Hum_04_loop.wav,0.75,0.5,1,,03: loop derivative seam still flagged: crossfade level +6.8 dB against its neighbours | 04: loop derivative seam still flagged: crossfade level +6.7 dB against its neighbours
99,Amber_Pickup,Pickup,A small piece of Amber,"none: enemies drop sap orbs, not Amber",future,,0.4,SFX_Amber_Pickup_01.wav,SFX_Amber_Pickup_02.wav,SFX_Amber_Pickup_03.wav,SFX_Amber_Pickup_04.wav,,0.85,0.03,4,,03: clipped samples in source: 13
100,Amber_PickupBig,Pickup,A chamber's Amber find,MraReward (Amber),wired,,0.8,SFX_Amber_PickupBig_01.wav,SFX_Amber_PickupBig_02.wav,SFX_Amber_PickupBig_03.wav,SFX_Amber_PickupBig_04.wav,,0.85,0.05,2,,01: quiet: 0.9 dB short of target at peak limit
101,HeartSeed_Get,Pickup,"A heart seed (chamber, pickup or shop)","MraReward (HeartSeed), HeartSeed, TownShop",wired,,2.0,SFX_HeartSeed_Get_01.wav,SFX_HeartSeed_Get_02.wav,SFX_HeartSeed_Get_03.wav,SFX_HeartSeed_Get_04.wav,,0.85,0.05,2,,01: clipped samples in source: 88
102,Heal,Pickup,A sap orb restores a heart,SapOrb,wired,,1.0,SFX_Heal_01.wav,SFX_Heal_02.wav,SFX_Heal_03.wav,SFX_Heal_04.wav,,0.85,0.05,2,,02: quiet: 0.9 dB short of target at peak limit | 04: quiet: 0.9 dB short of target at peak limit
103,Relic_Get,Pickup,A shrine's relic flies into Qori,AbilityShrine.Collect,wired,,3.0,SFX_Relic_Get_01.wav,SFX_Relic_Get_02.wav,SFX_Relic_Get_03.wav,SFX_Relic_Get_04.wav,,0.85,0.05,2,,
104,SongShell_Get,Pickup,A song shell is found,MraReward (SongShell),wired,,1.5,SFX_SongShell_Get_01.wav,SFX_SongShell_Get_02.wav,SFX_SongShell_Get_03.wav,SFX_SongShell_Get_04.wav,,0.85,0.05,2,,04: clipped samples in source: 8
105,Waymark_Light,Pickup,A Waymark charts its level,Waymark: first touch,wired,,2.0,SFX_Waymark_Light_01.wav,SFX_Waymark_Light_02.wav,SFX_Waymark_Light_03.wav,SFX_Waymark_Light_04.wav,,0.85,0.05,2,,01: quiet: 1.2 dB short of target at peak limit | 03: quiet: 0.9 dB short of target at peak limit | 04: quiet: 3.4 dB short of target at peak limit
106,Waymark_Travel,Pickup,Fast travel from the Chart,MraChart.TryTravel,wired,,2.0,SFX_Waymark_Travel_01.wav,SFX_Waymark_Travel_02.wav,SFX_Waymark_Travel_03.wav,SFX_Waymark_Travel_04.wav,,0.85,0.05,2,,02: clipped samples in source: 22 | 03: clipped samples in source: 64 | 04: clipped samples in source: 554
107,Checkpoint_Touch,Pickup,A new checkpoint becomes Qori's,PlayerMovement.ActivateCheckpoint (a change),wired,,0.8,SFX_Checkpoint_Touch_01.wav,SFX_Checkpoint_Touch_02.wav,SFX_Checkpoint_Touch_03.wav,SFX_Checkpoint_Touch_04.wav,,0.85,0.05,2,,
108,LoreStone_Read,Pickup,"A lore stone, find or reflection","MraReward (Lore/Find/Reflection), LoreStone",wired,,1.5,SFX_LoreStone_Read_01.wav,SFX_LoreStone_Read_02.wav,SFX_LoreStone_Read_03.wav,SFX_LoreStone_Read_04.wav,,0.85,0.05,2,,02: clipped samples in source: 11 | 03: clipped samples in source: 5
109,Discovery,Pickup,"A place found (cave mouth, Qvale home)","MraChamberDoor, MraDiscovery: new discovered flag",wired,,1.5,SFX_Discovery_01.wav,SFX_Discovery_02.wav,SFX_Discovery_03.wav,SFX_Discovery_04.wav,,0.85,1,2,,04: quiet: 1.7 dB short of target at peak limit
110,Door_Enter,Pickup,Into a Qvale home,MraChamberDoor.Enter (a house),wired,,1.0,SFX_Door_Enter_01.wav,SFX_Door_Enter_02.wav,SFX_Door_Enter_03.wav,SFX_Door_Enter_04.wav,,0.85,0.05,2,,02: quiet: 3.3 dB short of target at peak limit | 04: quiet: 1.7 dB short of target at peak limit
111,Door_Exit,Pickup,Out of a Qvale home,MraChamberReturn (from a house),wired,,0.8,SFX_Door_Exit_01.wav,SFX_Door_Exit_02.wav,SFX_Door_Exit_03.wav,SFX_Door_Exit_04.wav,,0.85,0.05,2,,04: quiet: 2.0 dB short of target at peak limit
112,Cave_Enter,Pickup,Into a side cave,MraChamberDoor.Enter (a cave),wired,,1.0,SFX_Cave_Enter_01.wav,SFX_Cave_Enter_02.wav,SFX_Cave_Enter_03.wav,SFX_Cave_Enter_04.wav,,0.85,0.05,2,,
113,Smithy_Anvil,Town,Brannick's forge opens,TownShop.Open (forge),wired,,1.0,SFX_Smithy_Anvil_01.wav,SFX_Smithy_Anvil_02.wav,SFX_Smithy_Anvil_03.wav,SFX_Smithy_Anvil_04.wav,,0.85,0.05,2,,03: clipped samples in source: 6 | 04: clipped samples in source: 6
114,Smithy_Upgrade,Town,A forge purchase,TownShop.Buy (forge),wired,,2.5,SFX_Smithy_Upgrade_01.wav,SFX_Smithy_Upgrade_02.wav,SFX_Smithy_Upgrade_03.wav,SFX_Smithy_Upgrade_04.wav,,0.85,0.05,2,,04: clipped samples in source: 6
115,Shop_Buy,Town,Any other purchase,TownShop.Buy,wired,,0.6,SFX_Shop_Buy_01.wav,SFX_Shop_Buy_02.wav,SFX_Shop_Buy_03.wav,SFX_Shop_Buy_04.wav,,0.85,0.05,2,,
116,Shop_Cannot,Town,Not enough Amber,TownShop.Buy (denied),wired,,0.4,SFX_Shop_Cannot_01.wav,SFX_Shop_Cannot_02.wav,SFX_Shop_Cannot_03.wav,SFX_Shop_Cannot_04.wav,,0.85,0.3,2,,
117,Map_Unroll,Town,Scribble's pages open,TownShop.Open (pages),wired,,0.8,SFX_Map_Unroll_01.wav,SFX_Map_Unroll_02.wav,SFX_Map_Unroll_03.wav,SFX_Map_Unroll_04.wav,,0.85,0.05,2,,03: quiet: 0.8 dB short of target at peak limit
118,Map_Stamp,Town,A page bought from Scribble,TownShop.Buy (pages),wired,,0.4,SFX_Map_Stamp_01.wav,SFX_Map_Stamp_02.wav,SFX_Map_Stamp_03.wav,SFX_Map_Stamp_04.wav,,0.85,0.05,2,,
119,Lantern_Light,Town,A town request lights the lanterns,none: no lantern request yet,future,,1.0,SFX_Lantern_Light_01.wav,SFX_Lantern_Light_02.wav,SFX_Lantern_Light_03.wav,SFX_Lantern_Light_04.wav,,0.85,0.05,2,,"01: clipped samples in source: 3, quiet: 6.4 dB short of target at peak limit"
120,Bell_Tower,Town,The bell request,none: no bell request yet,future,,4.0,SFX_Bell_Tower_01.wav,SFX_Bell_Tower_02.wav,SFX_Bell_Tower_03.wav,SFX_Bell_Tower_04.wav,,0.85,0.05,2,,
121,Dialogue_Blip_Small,Town,Dialogue text typing,DialogueBox typing (every 3rd letter),wired,,0.1,SFX_Dialogue_Blip_Small_01.wav,SFX_Dialogue_Blip_Small_02.wav,SFX_Dialogue_Blip_Small_03.wav,SFX_Dialogue_Blip_Small_04.wav,,0.85,0.05,1,,02: clipped samples in source: 18 | 03: clipped samples in source: 6
122,Dialogue_Blip_Low,Town,An old speaker's text typing,DialogueBox typing (low-voice speakers),wired,,0.1,SFX_Dialogue_Blip_Low_01.wav,SFX_Dialogue_Blip_Low_02.wav,SFX_Dialogue_Blip_Low_03.wav,SFX_Dialogue_Blip_Low_04.wav,,0.85,0.06,1,,
123,UI_Move,UI,Menu selection moves,"SfxPlayer (uGUI selection), TownShop, ListeningSpot",wired,,0.1,SFX_UI_Move_01.wav,SFX_UI_Move_02.wav,SFX_UI_Move_03.wav,SFX_UI_Move_04.wav,,0.8,0.05,2,,
124,UI_Confirm,UI,Menu choice,"GamePauseMenu buttons (incl. Sound page), ListeningSpot, TownShop.Open (other shops)",wired,,0.3,SFX_UI_Confirm_01.wav,SFX_UI_Confirm_02.wav,SFX_UI_Confirm_03.wav,SFX_UI_Confirm_04.wav,,0.8,0.04,2,,"02: quiet: 2.1 dB short of target at peak limit | 04: clipped samples in source: 1, quiet: 2.1 dB short of target at peak limit"
125,UI_Back,UI,Back / leave a menu,"GamePauseMenu Back/Cancel/Esc, TownShop.Close, ListeningSpot.Leave",wired,,0.25,SFX_UI_Back_01.wav,SFX_UI_Back_02.wav,SFX_UI_Back_03.wav,SFX_UI_Back_04.wav,,0.8,0.04,2,,01: quiet: 0.9 dB short of target at peak limit
126,UI_Pause,UI,Game pauses,GamePauseMenu.Pause,wired,,0.5,SFX_UI_Pause_01.wav,SFX_UI_Pause_02.wav,SFX_UI_Pause_03.wav,SFX_UI_Pause_04.wav,,0.8,0.04,2,,
127,UI_Unpause,UI,Game resumes,GamePauseMenu.Resume,wired,,0.5,SFX_UI_Unpause_01.wav,SFX_UI_Unpause_02.wav,SFX_UI_Unpause_03.wav,SFX_UI_Unpause_04.wav,,0.8,0.04,2,,04: clipped samples in source: 16
128,Chart_Open,UI,The Chart opens,MraChart.Show,wired,,1.0,SFX_Chart_Open_01.wav,SFX_Chart_Open_02.wav,SFX_Chart_Open_03.wav,SFX_Chart_Open_04.wav,,0.8,0.04,2,,04: clipped samples in source: 2
129,Chart_Close,UI,The Chart closes,MraChart.Hide,wired,,0.7,SFX_Chart_Close_01.wav,SFX_Chart_Close_02.wav,SFX_Chart_Close_03.wav,SFX_Chart_Close_04.wav,,0.8,0.04,2,,02: clipped samples in source: 9 | 03: clipped samples in source: 136
130,Chart_PieceAdd,UI,A map piece joins the Chart,none: pieces join without a moment of their own,no-hook,,1.2,SFX_Chart_PieceAdd_01.wav,SFX_Chart_PieceAdd_02.wav,SFX_Chart_PieceAdd_03.wav,SFX_Chart_PieceAdd_04.wav,,0.8,0.04,2,,
131,Save,UI,Game saved,none: saving is continuous and silent,no-hook,,0.8,SFX_Save_01.wav,SFX_Save_02.wav,SFX_Save_03.wav,SFX_Save_04.wav,,0.8,0.04,2,,
132,Banner_Show,UI,A region's name plate appears,AreaTransition (name shown),wired,,1.2,SFX_Banner_Show_01.wav,SFX_Banner_Show_02.wav,SFX_Banner_Show_03.wav,SFX_Banner_Show_04.wav,,0.8,0.04,2,,
133,Story_Sprout,Story,Qori sprouts (opening),none: no opening sequence exists,no-hook,,4.0,SFX_Story_Sprout_01.wav,SFX_Story_Sprout_02.wav,SFX_Story_Sprout_03.wav,SFX_Story_Sprout_04.wav,,0.9,1.0,1,,"01: clipped samples in source: 2, quiet: 5.8 dB short of target at peak limit | 02: quiet: 10.4 dB short of target at peak limit | 03: clipped samples in source: 7, quiet: 5.5 dB short of target at peak limit | 04: quiet: 6.8 dB short of target at peak limit"
134,Story_Reveal,Story,The reveal's pull-out on the Summit ledge,MraReveal.Run (Sfx.PlayStory),wired,,10.0,SFX_Story_Reveal_01.wav,SFX_Story_Reveal_02.wav,SFX_Story_Reveal_03.wav,SFX_Story_Reveal_04.wav,,0.9,1.0,1,,
135,Story_EyeOpen,Story,The careful ending begins (the waking),MraEnding.Run start (Sfx.PlayStory),wired,,8.0,SFX_Story_EyeOpen_01.wav,SFX_Story_EyeOpen_02.wav,SFX_Story_EyeOpen_03.wav,SFX_Story_EyeOpen_04.wav,,0.9,1.0,1,,
136,Story_Ending,Story,The careful ending's last caption,MraEnding.Run caption (Sfx.PlayStory),wired,,12.0,SFX_Story_Ending_01.wav,SFX_Story_Ending_02.wav,SFX_Story_Ending_03.wav,SFX_Story_Ending_04.wav,,0.9,1.0,1,,04: quiet: 4.1 dB short of target at peak limit
